map	ver	nodes	outdoor	indoor	fog	fogsrc	farplane_ws	skyportal	g05	g50	g95	c_min	c10	c25	c50	clr10	clr50	top95	topmax	span	band_lo	band_hi	fit	alt	H	run	run_yaw	run_back	run_fwd	vis_half	c47_today	bomb_alt	bomb_today	note
m1l1	19	643	641	2	0	none	0	0	160	432	996	3454	3454	3454	3454	2558	3022	-130	1742	13846	1072	3358	ok	2443	2011	18432	45	5760	12672	99999	under-sky	1100	ok/low=440	
m1l2a	19	1104	929	170	0	none	0	0	-248	-32	136	318	510	638	1150	478	1150	254	494	13206	608	414	LOW-CEIL	414	446	14336	45	8320	6016	99999	ABOVE-SKY	1100	peak-ABOVE-SKY/low=440	
m1l2b	19	631	558	73	0	none	0	0	-256	-256	-256	1406	1406	1406	1406	1662	1662	-258	414	12239	384	1310	ok	939	1195	16768	135	6656	10112	99999	ABOVE-SKY	1100	ok/low=440	
m1l3a	19	571	571	0	4600	subtle	4600	0	240	450	450	2606	2606	2606	2606	2156	2156	-210	-210	12143	1090	2510	ok	1942	1492	18432	60	6784	11648	3363	ABOVE-SKY	1100	ok/low=440	
m1l3b	19	606	606	0	4600	subtle	4600	0	24	24	280	1742	1742	1742	1742	1462	1718	-114	-114	18967	664	1646	ok	1253	1229	18432	60	14208	4224	3468	ABOVE-SKY	1100	ok/low=440	
m1l3c	19	493	296	197	0	none	0	0	4	396	1104	882	2110	2110	2110	1006	1714	302	878	7995	1036	2014	ok	1622	1226	10240	30	3968	6272	99999	ABOVE-SKY	1100	ok/low=440	
m2l1	19	1133	893	239	14500	subtle	14500	0	0	544	648	2110	2110	2110	2110	1486	1566	878	926	13626	1184	2014	ok	1682	1138	19072	45	10112	8960	11544	ABOVE-SKY	1100	ok/low=440	
m2l2a	19	456	43	413	15000	subtle	15000	0	-468	-464	-144	62	254	254	254	714	718	-546	-66	5572	176	158	LOW-CEIL	158	622	15104	90	4224	10880	11983	ABOVE-SKY	1100	peak-ABOVE-SKY/low=440	
m2l2b	19	157	63	94	15000	subtle	15000	0	-544	-460	-432	254	254	254	254	686	714	-546	-546	4197	180	158	LOW-CEIL	158	618	14976	90	2432	12544	11984	ABOVE-SKY	1100	peak-ABOVE-SKY/low=440	
m2l2c	19	440	0	440	15000	ws/scripted	15000	0																										no outdoor pathnodes
m2l3	19	598	287	311	0	none	0	0	-480	-464	-400	254	1854	1854	1854	2254	2314	-98	958	8805	176	1758	ok	1125	1589	22272	45	9856	12416	99999	under-sky	1100	ok/low=440	
m3l1a	19	80	80	0	0	none	0	0	-496	176	176	1462	1462	1462	1462	1286	1286	-730	-154	5163	816	1366	ok	1146	970	20352	135	13056	7296	99999	ABOVE-SKY	1100	ok/low=440	
m3l1b	19	258	149	109	0	none	0	0	288	344	400	1462	1462	1462	1462	1062	1118	470	566	3675	984	1366	tight	1213	869	21888	135	10496	11392	99999	ABOVE-SKY	1100	ok/low=440	
m3l2	19	1733	1607	126	6200	subtle	6200	0	-128	96	96	1120	1120	1120	1120	1024	1024	-544	512	16705	736	1024	tight	908	812	9216	60	1024	8192	4892	ABOVE-SKY	1100	peak-ABOVE-SKY/low=440	
m3l3	19	2728	2728	0	0	none/scripted	0	0	-320	-192	256	2046	2046	2046	2046	1982	2238	-530	-530	18208	448	1950	ok	1349	1541	17536	45	1408	16128	99999	under-sky	1100	ok/low=440	
m4l0	19	1286	1251	35	13000	subtle	13000	0	-88	136	692	1726	1726	1726	1726	1190	1590	-370	734	19428	776	1630	ok	1288	1152	18304	135	10752	7552	10335	ABOVE-SKY	1100	ok/low=440	
m4l1	19	640	560	80	3100	subtle	3100	0	-192	64	624	2078	2078	2078	2078	1494	2014	-258	1326	14400	704	1769	ok	1343	1279	15360	120	10752	4608	2124	ABOVE-SKY	976	ok/low=390	
m4l2	19	770	618	152	3100	subtle	3100	0	0	96	368	222	1422	1422	1422	1086	1322	286	622	16731	736	1326	ok	1090	994	10240	105	6912	3328	2272	ABOVE-SKY	976	ok/low=390	
m4l3	19	2612	2158	451	2700	ws/scripted	2700	0	-192	56	232	1022	1022	1022	1022	958	966	-18	558	17831	696	926	tight	834	778	19968	45	9856	10112	2015	ABOVE-SKY	850	ok/low=340	
m5l1a	19	402	390	10	3500	subtle	3500	0	0	88	360	630	958	958	958	726	918	62	254	9484	728	862	tight	808	720	13056	150	4992	8064	2705	ABOVE-SKY	1100	peak-ABOVE-SKY/low=440	
m5l1b	19	1069	971	98	3500	subtle	3500	0	152	448	720	958	1598	1598	1598	878	1146	702	894	13210	1088	1502	ok	1336	888	13440	0	4608	8832	2655	ABOVE-SKY	1100	ok/low=440	
m5l2a	19	1172	1172	0	5500	subtle	5500	0	244	516	516	1598	1598	1598	1598	1082	1082	30	798	15084	1156	1502	tight	1363	847	12032	0	5760	6272	4317	ABOVE-SKY	1100	peak-ABOVE-SKY/low=440	
m5l2b	19	1138	138	1000	4000	subtle	4000	0	-212	-92	40	1598	1598	1598	1598	1558	1690	nan	nan	17977	nan	1502	FOG	1502	1594	22528	45	11008	11520	2774	ABOVE-SKY	1100	ok/low=440	
m5l3	19	459	459	0	15000	subtle	15000	0	216	432	672	1790	1790	1790	1790	1246	1358	126	126	13924	1072	1694	ok	1445	1013	18304	45	11520	6784	11957	ABOVE-SKY	1100	ok/low=440	
m6l1a	19	307	307	0	1500	subtle	1500	0	5392	5448	5814	6974	6974	6974	6974	1230	1526	5214	5214	15181	6088	6273	tight	6199	751	15872	120	6400	9472	935	ABOVE-SKY/past-fog	472	ok/low=189	
m6l1b	19	314	294	20	1600	subtle	1600	0	1808	1816	2176	3518	3518	3518	3518	1662	1702	1518	2382	11289	2456	2696	tight	2600	784	16000	120	6016	9984	1011	ABOVE-SKY/past-fog	504	ok/low=201	
m6l1c	19	636	300	335	0	none	0	0	32	32	60	1470	1470	1470	1470	1412	1438	190	238	8397	672	1374	ok	1093	1061	11776	15	2816	8960	99999	ABOVE-SKY	1100	ok/low=440	
m6l2a	19	751	623	128	0	none/scripted	0	0	-128	16	192	1598	1598	1598	1598	1430	1582	606	750	8951	862	1502	ok	1246	1230	9344	30	5248	4096	99999	ABOVE-SKY	1100	ok/low=440	
m6l2b	19	1814	1778	36	1600	subtle	1600	0	-80	320	320	1470	1470	1470	1662	1342	1342	94	478	17302	960	1200	tight	1104	784	12544	90	5248	7296	1011	ABOVE-SKY/past-fog	504	ok/low=201	
m6l3a	19	756	345	411	0	none	0	0	-552	-472	-464	-258	-2	318	318	462	790	-482	142	4868	168	-98	LOW-CEIL	-98	374	8448	90	4224	4224	99999	ABOVE-SKY	1100	peak-ABOVE-SKY/low=440	
m6l3b	19	210	12	198	0	none	0	0	-552	-552	-552	-386	-386	-386	-386	166	166	-610	-610	1465	88	-482	LOW-CEIL	-482	70	1024	105	384	640	99999	ABOVE-SKY	1100	peak-ABOVE-SKY/low=440	
m6l3c	19	244	0	244	0	none	0	0																										no outdoor pathnodes
m6l3d	19	101	0	101	0	none	0	0																										no outdoor pathnodes
m6l3e	19	120	112	3	0	none	0	0	-544	-544	-176	318	318	318	318	790	862	-386	-386	3542	96	222	tight	171	715	7296	105	3328	3968	99999	ABOVE-SKY	1100	peak-ABOVE-SKY/low=440	
e1l1	21	1944	1861	83	1500	subtle	1500	0	160	416	896	1726	1726	1726	1726	830	1310	-130	542	17589	1056	1241	tight	1167	751	14976	150	3712	11264	935	ABOVE-SKY/past-fog	472	ok/low=189	
e1l2	21	1388	1353	34	5000	subtle	5000	0	192	544	1248	2046	2046	2046	2046	958	1502	-290	718	17941	1184	1950	ok	1643	1099	13696	120	3840	9856	3845	ABOVE-SKY	1100	ok/low=440	
e1l3	21	801	656	142	4200	subtle	4200	0	128	176	576	1470	1470	1470	1470	894	1294	766	958	12829	1022	1374	tight	1233	1057	16384	15	7424	8960	3189	ABOVE-SKY	1100	ok/low=440	
e1l4	21	1187	1187	0	5000	subtle	5000	0	-288	96	256	590	590	590	590	334	494	30	270	16327	736	494	LOW-CEIL	494	398	12672	105	8576	4096	3980	ABOVE-SKY	1100	peak-ABOVE-SKY/low=440	
e2l1	21	630	630	0	2300	subtle	2300	0	22	536	1072	1266	1454	1790	1790	718	1236	-66	-66	15476	1176	1358	tight	1285	749	12416	0	10752	1664	1680	ABOVE-SKY	724	ok/low=289	
e2l2	21	1447	1395	52	3000	ws	3000	0	2544	2688	3024	4062	4062	4062	4062	1166	1374	2878	2878	17900	3328	3966	ok	3710	1022	21888	45	13824	8064	2171	ABOVE-SKY	945	ok/low=378	
e2l3	21	1800	1800	0	3000	ws/scripted	3000	0	-384	128	128	1854	1854	1854	1854	1726	1726	nan	nan	15514	nan	1758	FOG	1758	1630	16000	105	4992	11008	1761	ABOVE-SKY	945	ok/low=378	
e3l1	21	1721	1704	16	2200	subtle	2200	0	40	143	556	958	958	958	1182	750	998	-2	478	15836	783	862	tight	830	687	15488	105	8960	6528	1620	ABOVE-SKY	693	ok/low=277	
e3l2	21	1162	1105	49	2500	subtle	2500	0	-720	-200	-96	798	798	798	798	958	998	-578	430	14666	440	702	tight	597	797	8320	120	2688	5632	1834	ABOVE-SKY	787	ok/low=315	
e3l3	21	588	588	0	2400	ws/scripted	2400	0	-620	323	760	1198	1198	1198	1199	622	876	-81	-81	19772	963	1102	tight	1046	723	16512	105	9344	7168	1778	ABOVE-SKY	756	ok/low=302	
e3l4	21	2763	2620	143	3000	subtle	3000	0	832	1664	2432	1102	1982	1982	2494	382	766	1502	2318	20809	2304	1886	LOW-CEIL	1886	222	16896	150	6400	10496	2389	ABOVE-SKY	945	peak-ABOVE-SKY/low=378	
t1l1	21	908	908	0	5000	ws	5000	1	-6984	-6516	-6516	7932	7932	7932	7932	14448	14448	-7220	4348	13418	-5876	-3766	ok	-4610	1906	15360	120	8832	6528	3516	under-sky	1100	ok/low=440	
t1l2	21	988	968	20	3000	subtle	3000	0	48	160	224	1454	1454	1454	1454	1230	1294	-162	750	14383	800	1358	ok	1134	974	18432	60	6528	11904	2193	ABOVE-SKY	945	ok/low=378	
t1l3	21	874	824	50	6000	subtle	6000	0	16	48	231	1214	1214	1214	1214	1038	1166	174	798	14741	688	1118	ok	946	898	17408	60	10624	6784	4715	ABOVE-SKY	1100	ok/low=440	
t2l1	21	2450	2391	59	3500	ws	3500	0	300	1291	1949	3262	3262	3262	3262	1326	1972	-82	2270	20650	1931	3166	ok	2672	1381	18432	120	14720	3712	2435	ABOVE-SKY	1100	ok/low=440	
t2l2	21	455	455	0	2750	subtle	2750	0	16	1120	2144	3710	3710	3710	3710	1678	2590	1854	1854	17391	2110	2632	ok	2423	1303	22400	135	1536	20864	1772	under-sky	866	ok/low=346	
t2l3	21	885	885	0	2500	subtle	2500	0	8	56	896	1214	1214	1214	1214	318	1158	-258	-258	14561	696	1118	ok	949	893	20224	45	9472	10752	1789	ABOVE-SKY	787	ok/low=315	
t2l4	21	1258	1168	90	3600	subtle	3600	0	329	640	640	2046	2046	2046	2046	1406	1406	286	1102	15003	1280	1950	ok	1682	1042	17024	120	3968	13056	2684	ABOVE-SKY	1100	ok/low=440	
t3l1	21	426	426	0	15000	subtle	15000	1	-48	164	456	1150	1150	1150	1150	694	986	-514	-514	19241	804	1054	tight	954	790	18304	60	15616	2688	11973	ABOVE-SKY	1100	peak-ABOVE-SKY/low=440	
t3l2	21	296	296	0	16000	subtle	16000	1	-160	52	368	1150	1150	1150	1150	782	1098	-514	-514	18946	692	1054	tight	909	857	16512	75	10496	6016	12771	ABOVE-SKY	1100	peak-ABOVE-SKY/low=440	
