# BaseBuilder station data harvested from UBER-MODS-v8.00-MOHAA (searingwolfe/UBER-MODS-v8.00-MOHAA),
# alienx/basebuild.scr's per-map `exec ...::basebuild ( origin ) "model" ...` station placements.
# '# map <name> main <params>' rows carry the map's basebuild::main args; data rows are '<map>	<station args>'.
# Consumed by docs/tools/gen_basebuild_maps.py -> coop_mod/mp_basebuild_stations.scr. Do not hand-edit.
# map	m1l1	main	800 1000 500 1 1 0 0 0
m1l1	( -1396.75 -3915.47 79.34 ) "static/indycrate.tik" 1 0 1 0 90 .5 0 0 1
m1l1	( -1386.13 -3683.72 56.47 ) "statweapons/mg42_gun.tik" 1 1 0 0 90 .5 0 0 1
m1l1	( -1400.62 -3790.48 65.96 ) "statweapons/flak88turret.tik" 1 1 .5 0 90 .25 0 0 1
m1l1	( -1402.93 -3526.67 48.64 ) "static/sandbag_link_main_winter.tik" 1 0 0 1 90 .5 0 0 1
m1l1	( -1401.90 -3368.61 55.51 ) "static/indycrate.tik" 1 1 0 1 90 .5 1 0 1
m1l1	( -1384.12 -3146.00 98.10) "static/bunkertable.tik" 1 1 1 0 90 .5 0 1 1
m1l1	( -1550.44 -4080.68 86.02 ) "static/barbwire.tik" 1 0 1 1 90 .5 0 0 1
m1l1	( -1697.22 -4194.81 91.84 ) "static/bookcase.tik" 1 0 1 0 90 .5 0 0 1
m1l1	( -1692.38 -4324.43 94.04) "static/sandbag_longsegment.tik" 1 0 0 1 90 .5 0 0 1
m1l1	( -1400.62 -3256.10 57.86) "static/bodies_tarp.tik" 1 1 1 1 90 .5 0 0 1
m1l1	( -4059.54 291.12 385.96 ) "static/indycrate.tik" 1 0 1 0 90 .5 0 0 1
m1l1	( -4059.13 168.20 376.74  ) "statweapons/mg42_gun.tik" 1 1 0 0 90 .5 0 0 1
m1l1	( -4060.17 75.82 376.47 ) "static/sandbag_link_main_winter.tik" 1 0 0 1 90 .5 0 0 1
m1l1	( -4065.73 -24.48 369.19 ) "static/indycrate.tik" 1 1 0 1 90 .5 1 0 1
m1l1	( -4436.78 -245.03 377.12 ) "static/bunkertable.tik" 1 1 1 0 90 .5 0 1 1
m1l1	( -4445.87 -119.83 380.13 ) "static/barbwire.tik" 1 0 1 1 90 .5 0 0 1
m1l1	( -4440.29 -34.57 380.13 ) "static/static_naziflag1.tik" 1 1 1 1 90 .5 0 0 1
m1l1	( -4439.11 65.72 380.13) "static/sandbag_longsegment.tik" 1 0 0 1 90 .1 0 0 1
m1l1	( -4440.80 159.98 380.15 ) "static/bodies_tarp.tik" 1 1 1 1 90 .5 0 0 1
m1l1	( -3991.13 343.13 399.68 ) "static/banquet_table.tik" 1 0 1 1 90 .5 0 0 1
# map	m1l2a	main	800 1000 500 1 1 0 0 0
m1l2a	( 1774.37 3930.52 -192.26 ) "static/indycrate.tik" 1 0 1 0 90 .5 0 0 1
m1l2a	( 1808.72 3218.94 -192.26 ) "statweapons/mg42_gun.tik" 1 1 0 0 90 .5 0 0 1
m1l2a	( 1773.27 3827.49 -191.12 ) "statweapons/flak88turret.tik" 1 1 .5 0 90 .25 0 0 1
m1l2a	( 1237.20 3819.69 -199.88 ) "static/sandbag_link_main.tik" 1 0 0 1 90 .5 0 0 1
m1l2a	( 1780.41 3706.96 -189.51 ) "static/indycrate.tik" 1 1 0 1 90 .5 1 0 1
m1l2a	( 1783.06 3620.89 -188.44 ) "static/bunkertable.tik" 1 1 1 0 90 .5 0 1 1
m1l2a	( 1777.30 3511.53 -187.38 ) "static/banquet_table.tik" 1 0 1 1 90 .5 0 0 1
m1l2a	( 1771.45 3401.38 -187.55 ) "static/bodies_tarp.tik" 1 1 1 1 90 .5 0 0 1
m1l2a	( 5057.09 -353.44 -108.32 ) "static/indycrate.tik" 1 0 1 0 90 .5 0 0 1
m1l2a	( 5087.27 -438.40 -92.91 ) "statweapons/mg42_gun.tik" 1 1 0 0 90 .5 0 0 1
m1l2a	( 5094.88 -517.08 -92.81 ) "statweapons/flak88turret.tik" 1 1 .5 0 90 .25 0 0 1
m1l2a	( 5101.69 -600.60 -94.22 ) "static/sandbag_link_main.tik" 1 0 0 1 90 .5 0 0 1
m1l2a	( 5340.68 -958.04 -62.70 ) "static/indycrate.tik" 1 1 0 1 90 .5 1 0 1
m1l2a	( 5254.85 -961.75 -72.72 ) "static/bunkertable.tik" 1 1 1 0 90 .5 0 1 1
m1l2a	( 5147.61 -966.52 -72.83 ) "static/banquet_table.tik" 1 0 1 1 90 .5 0 0 1
m1l2a	( 4784.06 -784.16 -147.30 ) "static/bodies_tarp.tik" 1 1 1 1 90 .5 0 0 1
m1l2a	( 5140.24 -4082.22 -77.81 ) "static/indycrate.tik" 1 0 1 0 90 .5 0 0 1
m1l2a	( 5139.28 -3987.72 -85.11 ) "statweapons/mg42_gun.tik" 1 1 0 0 90 .5 0 0 1
m1l2a	( 5175.89 -4211.33 -72.17 ) "statweapons/flak88turret.tik" 1 1 .5 0 90 .25 0 0 1
m1l2a	( 5146.34 -3885.89 -84.60 ) "static/sandbag_link_main.tik" 1 0 0 1 90 .5 0 0 1
m1l2a	( 5146.74 -3744.95 -91.14 ) "static/indycrate.tik" 1 1 0 1 90 .5 1 0 1
m1l2a	( 5151.31 -3609.56 -111.00 ) "static/bunkertable.tik" 1 1 1 0 90 .5 0 1 1
m1l2a	( 5145.58 -3501.95 -111.44 ) "static/banquet_table.tik" 1 0 1 1 90 .5 0 0 1
m1l2a	( 5555.97 -3828.96 -28.05 ) "static/bodies_tarp.tik" 1 1 1 1 90 .5 0 0 1
# map	m1l2b	main	800 1000 500 1 1 0 0 0
m1l2b	( -2217.20 2668.72 -255.88 ) "static/indycrate.tik" 1 0 1 0 90 .5 0 0 1
m1l2b	( -2213.04 3262.53 -255.88 ) "statweapons/mg42_gun.tik" 1 1 0 0 90 .5 0 0 1
m1l2b	( -2221.55 2758.54 -255.88 ) "static/sandbag_link_main.tik" 1 0 0 1 90 .5 0 0 1
m1l2b	( -2220.87 2887.43 -255.88 ) "static/indycrate.tik" 1 1 0 1 90 .5 1 0 1
m1l2b	( -2218.74 3013.21 -255.88 ) "static/bunkertable.tik" 1 1 1 0 90 .5 0 1 1
m1l2b	( -2211.18 3149.61 -255.88 ) "static/barbwire.tik" 1 0 1 1 90 .5 0 0 1
m1l2b	( -2209.63 3460.42 -255.88 ) "static/static_naziflag1.tik" 1 1 1 1 90 .5 0 0 1
m1l2b	( -2208.01 3564.90 -255.88 ) "static/cabinet_large.tik" 1 0 0 1 90 .1 0 0 1
m1l2b	( -2217.20 4000.72 -255.88 ) "static/bodies_tarp.tik" 1 1 1 1 90 .5 0 0 1
m1l2b	( -2216.00 2524.00 -255.88 ) "static/bookcase.tik" 1 0 1 0 90 .5 0 0 1
m1l2b	( -2216.00 2424.00 -255.88 ) "static/banquet_table.tik" 1 0 1 1 90 .2 0 0 1
m1l2b	( 711.18 2463.85 -255.88 ) "static/indycrate.tik" 1 0 1 0 90 .5 0 0 1
m1l2b	( 851.18 2463.85 -255.88 ) "statweapons/mg42_gun.tik" 1 1 0 0 90 .5 0 0 1
m1l2b	( 997.07 2460.41 -255.88 ) "statweapons/flak88turret.tik" 1 1 .5 0 90 .25 0 0 1
m1l2b	( 1157.48 2458.18 -255.88 ) "static/sandbag_link_main.tik" 1 0 0 1 90 .5 0 0 1
m1l2b	( 1423.29 2450.53 -255.88 ) "static/indycrate.tik" 1 1 0 1 90 .5 1 0 1
m1l2b	( 1557.57 2468.60 -255.88 ) "static/bunkertable.tik" 1 1 1 0 90 .5 0 1 1
m1l2b	( 1687.69 2454.79 -255.88 ) "static/barbwire.tik" 1 0 1 1 90 .5 0 0 1
m1l2b	( 1811.71 2455.26 -255.88 ) "static/static_naziflag1.tik" 1 1 1 1 90 .5 0 0 1
m1l2b	( 1964.21 2459.78 -255.88 ) "static/cabinet_large.tik" 1 0 0 1 90 .1 0 0 1
m1l2b	( 2110.60 2457.22 -255.88 ) "static/bodies_tarp.tik" 1 1 1 1 90 .5 0 0 1
m1l2b	( 1292.02 2443.02 -255.88 ) "static/bookcase.tik" 1 0 1 0 90 .5 0 0 1
m1l2b	( 2240.60 2457.22 -255.88 ) "static/banquet_table.tik" 1 0 1 1 90 .2 0 0 1
m1l2b	( 752.45 -1935.92 -255.88 ) "static/indycrate.tik" 1 0 1 0 90 .5 0 0 1
m1l2b	( 851.40 -1913.25 -255.88 ) "statweapons/mg42_gun.tik" 1 1 0 0 90 .5 0 0 1
m1l2b	( 985.65 -1889.77 -255.88 ) "static/sandbag_link_main.tik" 1 0 0 1 90 .5 0 0 1
m1l2b	( 1099.18 -1887.66 -255.88 ) "static/indycrate.tik" 1 1 0 1 90 .5 1 0 1
m1l2b	( 1241.05 -1926.04 -255.88 ) "static/bunkertable.tik" 1 1 1 0 90 .5 0 1 1
m1l2b	( 1335.73 -1993.48 -255.88 ) "static/barbwire.tik" 1 0 1 1 90 .5 0 0 1
m1l2b	( 1452.87 -2025.56 -255.88 ) "static/static_naziflag1.tik" 1 1 1 1 90 .5 0 0 1
m1l2b	( 1572.26 -2045.31 -255.88 ) "static/cabinet_large.tik" 1 0 0 1 90 .1 0 0 1
m1l2b	( 1928.58 -2047.42 -255.88 ) "static/bodies_tarp.tik" 1 1 1 1 90 .5 0 0 1
m1l2b	( 2070.00 -2058.00 -255.88 ) "static/bookcase.tik" 1 0 1 0 90 .5 0 0 1
m1l2b	( 2156.87 -2061.20 -255.88 ) "static/banquet_table.tik" 1 0 1 1 90 .2 0 0 1
# map	m1l3a	main	800 1000 500 1 1 0 0 0
m1l3a	( -1829.25 -3040.31 20.11 ) "static/indycrate.tik" 1 0 1 0 90 .5 0 0 1
m1l3a	( -1821.54 -3157.75 20.11 ) "statweapons/mg42_gun.tik" 1 1 0 0 90 .5 0 0 1
m1l3a	( -1813.65 -3291.35 20.11 ) "statweapons/flak88turret.tik" 1 1 .5 0 90 .25 0 0 1
m1l3a	( -1810.05 -3442.11 20.11 ) "static/sandbag_link_main.tik" 1 0 0 1 90 .5 0 0 1
m1l3a	( -1902.45 -3606.20 20.11 ) "static/indycrate.tik" 1 1 0 1 90 .5 1 0 1
m1l3a	( -1892.51 -3773.77 20.11 ) "static/bunkertable.tik" 1 1 1 0 90 .5 0 1 1
m1l3a	( -1885.97 -3939.37 20.11 ) "static/banquet_table.tik" 1 0 1 1 90 .5 0 0 1
m1l3a	( -1984.95 -2902.34 20.10 ) "static/bodies_tarp.tik" 1 1 1 1 90 .5 0 0 1
m1l3a	( -2178.95 -2932.68 20.12 ) "static/bookcase.tik" 1 0 1 0 90 .5 0 0 1
m1l3a	( -2346.39 -2923.73 20.12 ) "static/static_naziflag1.tik" 1 1 1 1 90 .5 0 0 1
m1l3a	( 2305.34 -5752.83 -111.88 ) "static/indycrate.tik" 1 1 0 1 90 .5 1 0 1
m1l3a	( 2298.24 -5849.29 -111.88 ) "static/bunkertable.tik" 1 1 1 0 90 .5 0 1 1
m1l3a	( 2298.21 -5949.05 -111.88 ) "statweapons/mg42_gun.tik" 1 1 0 0 90 .5 0 0 1
m1l3a	( 2297.42 -6057.22 -111.88 ) "static/barbwire.tik" 1 0 1 1 90 .5 0 0 1
m1l3a	( 2531.90 -6035.73 -111.88 ) "static/sandbag_longsegment.tik" 1 0 0 1 90 .5 0 0 1
m1l3a	( 2537.39 -5940.66 -111.88 ) "static/cabinet_large.tik" 1 1 1 1 90 .6 0 0 1
m1l3a	( 2538.26 -5841.92 -111.88 ) "static/bush_full.tik" 1 0 1 0 90 .5 0 0 0
m1l3a	( 2539.03 -5738.08 -111.88 ) "static/indycrate.tik" 1 0 1 0 90 .5 0 0 1
m1l3a	( 1981.41 -1658.80 160.29 ) "static/indycrate.tik" 1 0 1 0 90 .5 0 0 1
m1l3a	( 1952.86 -1803.15 -46.90 ) "statweapons/mg42_gun.tik" 1 1 0 0 90 .5 0 0 1
m1l3a	( 1881.93 -1723.11 -46.20 ) "statweapons/flak88turret.tik" 1 1 .5 0 90 .25 0 0 1
m1l3a	( 2069.28 -1846.78 20.13 ) "static/sandbag_link_main.tik" 1 0 0 1 90 .5 0 0 1
m1l3a	( 1727.89 -1529.68 -52.66 ) "static/indycrate.tik" 1 1 0 1 90 .5 1 0 1
m1l3a	( 1118.55 -1679.39 4.48 ) "static/bunkertable.tik" 1 1 1 0 90 .5 0 1 1
m1l3a	( 1124.91 -1804.84 -12.41 ) "static/banquet_table.tik" 1 0 1 1 90 .5 0 0 1
m1l3a	( 1141.43 -1956.07 -25.59 ) "static/bodies_tarp.tik" 1 1 1 1 90 .5 0 0 1
m1l3a	( 1137.29 -2101.40 -20.16 ) "static/bookcase.tik" 1 0 1 0 90 .5 0 0 1
m1l3a	( 1124.80 -2271.15 8.53 ) "static/static_naziflag1.tik" 1 1 1 1 90 .5 0 0 1
m1l3a	( 4061.92 49.78 273.54 ) "static/indycrate.tik" 1 1 0 1 90 .5 1 0 1
m1l3a	( 4170.89 109.26 268.30 ) "static/bunkertable.tik" 1 1 1 0 90 .5 0 1 1
m1l3a	( 3927.83 -510.55 235.28 ) "statweapons/mg42_gun.tik" 1 1 0 0 90 .5 0 0 1
m1l3a	( 4264.52 166.51 273.44 ) "static/barbwire.tik" 1 0 1 1 90 .5 0 0 1
m1l3a	( 4351.71 245.99 288.33 ) "static/sandbag_longsegment.tik" 1 0 0 1 90 .5 0 0 1
m1l3a	( 4422.63 317.19 297.62 ) "static/cabinet_large.tik" 1 1 1 1 90 .6 0 0 1
m1l3a	( 3954.39 -202.18 296.13 ) "static/bush_full.tik" 1 0 1 0 90 .5 0 0 0
m1l3a	( 3941.01 -356.77 278.21 ) "static/indycrate.tik" 1 0 1 0 90 .5 0 0 1
# map	m1l3b	main	800 1000 500 1 1 0 0 0
m1l3b	( -465 1104 -23 ) "static/indycrate.tik" 1 0 1 0 90 .5 0 0 1
m1l3b	( -665 1104 -23 ) "statweapons/mg42_gun.tik" 1 1 0 0 90 .5 0 0 1
m1l3b	( -865 1104 -23 ) "statweapons/flak88turret.tik" 1 1 .5 0 90 .25 0 0 1
m1l3b	( -1065 1104 -23 ) "static/sandbag_link_main.tik" 1 0 0 1 90 .5 0 0 1
m1l3b	( -1265 1104 -23 ) "static/indycrate.tik" 1 1 0 1 90 .5 1 0 1
m1l3b	( -1465 1104 -23 ) "static/bunkertable.tik" 1 1 1 0 90 .5 0 1 1
m1l3b	( -1665 1104 -23 ) "static/banquet_table.tik" 1 0 1 1 90 .5 0 0 1
m1l3b	( -1865 1104 -23 ) "static/bodies_tarp.tik" 1 1 1 1 90 .5 0 0 1
m1l3b	( -2065 1104 -23 ) "static/bookcase.tik" 1 0 1 0 90 .5 0 0 1
m1l3b	( -2265 1104 -23 ) "static/static_naziflag1.tik" 1 1 1 1 90 .5 0 0 1
m1l3b	( -2465 1104 -23 ) "static/barbwire.tik" 1 0 1 1 90 .5 0 0 1
m1l3b	( -2665 1104 -23 ) "static/sandbag_longsegment.tik" 1 0 0 1 90 .5 0 0 1
m1l3b	( -2865 1104 -23 ) "static/cabinet_large.tik" 1 1 1 1 90 .6 0 0 1
m1l3b	( -3065 1104 -23 ) "static/bush_full.tik" 1 0 1 0 90 .5 0 0 0
m1l3b	( -2000 5150 -23 ) "static/indycrate.tik" 1 0 1 0 90 .5 0 0 1
m1l3b	( -2200 5150 -23 ) "statweapons/mg42_gun.tik" 1 1 0 0 90 .5 0 0 1
m1l3b	( -2400 5150 -23 ) "statweapons/flak88turret.tik" 1 1 .5 0 90 .25 0 0 1
m1l3b	( -2600 5150 -23 ) "static/sandbag_link_main.tik" 1 0 0 1 90 .5 0 0 1
m1l3b	( -2800 5150 -23 ) "static/indycrate.tik" 1 1 0 1 90 .5 1 0 1
m1l3b	( -3000 5150 -23 ) "static/bunkertable.tik" 1 1 1 0 90 .5 0 1 1
m1l3b	( -3200 5150 -23 ) "static/banquet_table.tik" 1 0 1 1 90 .5 0 0 1
m1l3b	( -3400 5150 -23 ) "static/bodies_tarp.tik" 1 1 1 1 90 .5 0 0 1
m1l3b	( -3600 5150 -23 ) "static/bookcase.tik" 1 0 1 0 90 .5 0 0 1
m1l3b	( -3800 5150 -23 ) "static/static_naziflag1.tik" 1 1 1 1 90 .5 0 0 1
m1l3b	( -4000 5150 -23 ) "static/barbwire.tik" 1 0 1 1 90 .5 0 0 1
m1l3b	( -4200 5150 -23 ) "static/sandbag_longsegment.tik" 1 0 0 1 90 .5 0 0 1
m1l3b	( -4400 5150 -23 ) "static/cabinet_large.tik" 1 1 1 1 90 .6 0 0 1
m1l3b	( -4600 5150 -23 ) "static/bush_full.tik" 1 0 1 0 90 .5 0 0 0
# map	m1l3c	main	800 1000 500 1 1 0 0 0
m1l3c	( -4449.13 -6012.88 752.13 ) "static/indycrate.tik" 1 0 1 0 90 .5 0 0 1
m1l3c	( -4449.13 -5912.88 752.13 ) "statweapons/mg42_gun.tik" 1 1 0 0 90 .5 0 0 1
m1l3c	( -4449.13 -5812.88 752.13 ) "statweapons/flak88turret.tik" 1 1 .5 0 90 .25 0 0 1
m1l3c	( -4549.10 -6056.90 752.13 ) "static/sandbag_link_main.tik" 1 0 0 1 90 .5 0 0 1
m1l3c	( -4649.13 -5712.88 752.13 ) "static/indycrate.tik" 1 1 0 1 90 .5 1 0 1
m1l3c	( -4749.13 -5712.88 752.13 ) "static/bunkertable.tik" 1 1 1 0 90 .5 0 1 1
m1l3c	( -4704.14 -6074.17 752.13 ) "static/banquet_table.tik" 1 0 1 1 90 .5 0 0 1
m1l3c	( -4810.98 -6020.87 752.13 ) "static/bodies_tarp.tik" 1 1 1 1 90 .5 0 0 1
m1l3c	( -4970.87 -5916.81 752.13 ) "static/bookcase.tik" 1 0 1 0 90 .5 0 0 1
m1l3c	( -4559.00 -5733.00 752.13 ) "static/static_naziflag1.tik" 1 1 1 1 90 .5 0 0 1
m1l3c	( -5349.99 -4016.90 -23.88 ) "static/indycrate.tik" 1 0 1 0 90 .5 0 0 1
m1l3c	( -5349.99 -4116.90 -23.88 ) "statweapons/mg42_gun.tik" 1 1 0 0 90 .5 0 0 1
m1l3c	( -5349.99 -4216.90 -23.88 ) "statweapons/flak88turret.tik" 1 1 .5 0 90 .25 0 0 1
m1l3c	( -5349.99 -4316.90 -23.88 ) "static/sandbag_link_main.tik" 1 0 0 1 90 .5 0 0 1
m1l3c	( -5349.99 -4516.90 -23.88 ) "static/indycrate.tik" 1 1 0 1 90 .5 1 0 1
m1l3c	( -5349.99 -4616.90 -23.88 ) "static/bunkertable.tik" 1 1 1 0 90 .5 0 1 1
m1l3c	( -5349.99 -4816.90 -23.88 ) "static/banquet_table.tik" 1 0 1 1 90 .5 0 0 1
m1l3c	( -5349.99 -4916.90 -23.88 ) "static/bodies_tarp.tik" 1 1 1 1 90 .5 0 0 1
m1l3c	( -5403.99 -5216.90 -23.88 ) "static/bookcase.tik" 1 0 1 0 90 .5 0 0 1
m1l3c	( -5349.99 -5316.90 -23.88 ) "static/static_naziflag1.tik" 1 1 1 1 90 .5 0 0 1
m1l3c	( -1850.52 -2598.81 224.67 ) "static/indycrate.tik" 1 0 1 0 90 .5 0 0 1
m1l3c	( -1950.52 -2598.81 214.67 ) "statweapons/mg42_gun.tik" 1 1 0 0 90 .5 0 0 1
m1l3c	( -2050.52 -2598.81 204.67 ) "statweapons/flak88turret.tik" 1 1 .5 0 90 .25 0 0 1
m1l3c	( -2150.52 -2598.81 189.67 ) "static/sandbag_link_main.tik" 1 0 0 1 90 .5 0 0 1
m1l3c	( -2350.52 -2675.81 174.67 ) "static/indycrate.tik" 1 1 0 1 90 .5 1 0 1
m1l3c	( -2450.52 -2675.81 156.67 ) "static/bunkertable.tik" 1 1 1 0 90 .5 0 1 1
m1l3c	( -2550.52 -2675.81 156.67 ) "static/banquet_table.tik" 1 0 1 1 90 .5 0 0 1
m1l3c	( -2650.52 -2675.81 154.67 ) "static/bodies_tarp.tik" 1 1 1 1 90 .5 0 0 1
m1l3c	( -2750.52 -2675.81 154.67 ) "static/bookcase.tik" 1 0 1 0 90 .5 0 0 1
m1l3c	( -2850.52 -2675.81 145.67 ) "static/static_naziflag1.tik" 1 1 1 1 90 .5 0 0 1
# map	m2l1	main	800 1000 500 1 1 0 0 0
m2l1	( -1909.39 -2961.18 500.04 ) "static/indycrate.tik" 1 0 1 0 90 .5 0 0 1
m2l1	( -1909.39 -2861.18 500.04 ) "statweapons/mg42_gun.tik" 1 1 0 0 90 .5 0 0 1
m2l1	( -1909.39 -2761.18 500.04 ) "statweapons/flak88turret.tik" 1 1 .5 0 90 .25 0 0 1
m2l1	( -1909.39 -2661.18 500.04 ) "static/sandbag_link_main.tik" 1 0 0 1 90 .5 0 0 1
m2l1	( -1909.39 -2561.18 500.04 ) "static/indycrate.tik" 1 1 0 1 90 .5 1 0 1
m2l1	( -1909.39 -2461.18 500.04 ) "static/bunkertable.tik" 1 1 1 0 90 .5 0 1 1
m2l1	( -1909.39 -2361.18 500.04 ) "static/banquet_table.tik" 1 0 1 1 90 .5 0 0 1
m2l1	( -1909.39 -2261.18 500.04 ) "static/bodies_tarp.tik" 1 1 1 1 90 .5 0 0 1
m2l1	( -1909.39 -2161.18 500.04 ) "static/bookcase.tik" 1 0 1 0 90 .5 0 0 1
m2l1	( -1909.39 -2061.18 500.04 ) "static/static_naziflag1.tik" 1 1 1 1 90 .5 0 0 1
m2l1	( 2150.08 -1198.65 448.13 ) "static/indycrate.tik" 1 0 1 0 90 .5 0 0 1
m2l1	( 2150.08 -1098.65 448.13 ) "statweapons/mg42_gun.tik" 1 1 0 0 90 .5 0 0 1
m2l1	( 2150.08 -998.65 448.13 ) "statweapons/flak88turret.tik" 1 1 .5 0 90 .25 0 0 1
m2l1	( 2150.08 -898.65 448.13 ) "static/sandbag_link_main.tik" 1 0 0 1 90 .5 0 0 1
m2l1	( 2150.08 -798.65 448.13 ) "static/indycrate.tik" 1 1 0 1 90 .5 1 0 1
m2l1	( 2150.08 -698.65 448.13 ) "static/bunkertable.tik" 1 1 1 0 90 .5 0 1 1
m2l1	( 2150.08 -598.65 448.13 ) "static/banquet_table.tik" 1 0 1 1 90 .5 0 0 1
m2l1	( 2152.27 -498.03 448.13 ) "static/bodies_tarp.tik" 1 1 1 1 90 .5 0 0 1
m2l1	( 2128.10 -398.84 448.13 ) "static/bookcase.tik" 1 0 1 0 90 .5 0 0 1
m2l1	( 2128.08 -298.65 448.13 ) "static/static_naziflag1.tik" 1 1 1 1 90 .5 0 0 1
m2l1	( 2703.25 7357.83 -55.67 ) "static/indycrate.tik" 1 0 1 0 90 .5 0 0 1
m2l1	( 2703.25 7257.83 -55.67 ) "statweapons/mg42_gun.tik" 1 1 0 0 90 .5 0 0 1
m2l1	( 2703.25 7157.83 -55.67 ) "statweapons/flak88turret.tik" 1 1 .5 0 90 .25 0 0 1
m2l1	( 2703.25 7057.83 -60.67 ) "static/sandbag_link_main.tik" 1 0 0 1 90 .5 0 0 1
m2l1	( 2703.25 6957.83 -60.67 ) "static/indycrate.tik" 1 1 0 1 90 .5 1 0 1
m2l1	( 2703.25 6857.83 -60.67 ) "static/bunkertable.tik" 1 1 1 0 90 .5 0 1 1
m2l1	( 2801.01 6772.31 -60.88 ) "static/banquet_table.tik" 1 0 1 1 90 .5 0 0 1
m2l1	( 2411.25 7264.31 -20.00 ) "static/bodies_tarp.tik" 1 1 1 1 90 .5 0 0 1
m2l1	( 2311.25 7264.31 -20.00 ) "static/bookcase.tik" 1 0 1 0 90 .5 0 0 1
m2l1	( 2211.25 7264.31 -20.00 ) "static/static_naziflag1.tik" 1 1 1 1 90 .5 0 0 1
# map	m2l2a	main	800 1000 500 1 1 0 0 0
m2l2a	( -4416.87 -2343.13 -473.88 ) "static/indycrate.tik" 1 0 1 0 90 .5 0 0 1
m2l2a	( -4316.87 -2343.13 -473.88 ) "statweapons/mg42_gun.tik" 1 1 0 0 90 .5 0 0 1
m2l2a	( -4216.87 -2343.13 -473.88 ) "statweapons/flak88turret.tik" 1 1 .5 0 90 .25 0 0 1
m2l2a	( -4116.87 -2343.13 -473.88 ) "static/sandbag_link_main.tik" 1 0 0 1 90 .5 0 0 1
m2l2a	( -4416.87 -2509.21 -511.88 ) "static/indycrate.tik" 1 1 0 1 90 .5 1 0 1
m2l2a	( -4316.87 -2509.21 -511.88 ) "static/bunkertable.tik" 1 1 1 0 90 .5 0 1 1
m2l2a	( -4216.87 -2509.21 -511.88 ) "static/banquet_table.tik" 1 0 1 1 90 .5 0 0 1
m2l2a	( -4116.87 -2509.21 -511.88 ) "static/bodies_tarp.tik" 1 1 1 1 90 .5 0 0 1
m2l2a	( -1743.13 -7208.88 -511.66 ) "static/indycrate.tik" 1 0 1 0 90 .5 0 0 1
m2l2a	( -1843.13 -7208.88 -511.66 ) "statweapons/mg42_gun.tik" 1 1 0 0 90 .5 0 0 1
m2l2a	( -1943.13 -7208.88 -511.66 ) "statweapons/flak88turret.tik" 1 1 .5 0 90 .25 0 0 1
m2l2a	( -2043.13 -7208.88 -511.66 ) "static/sandbag_link_main.tik" 1 0 0 1 90 .5 0 0 1
m2l2a	( -2143.13 -7208.88 -511.66 ) "static/indycrate.tik" 1 1 0 1 90 .5 1 0 1
m2l2a	( -2243.13 -7208.88 -511.66 ) "static/bunkertable.tik" 1 1 1 0 90 .5 0 1 1
m2l2a	( -2343.13 -7208.88 -511.66 ) "static/banquet_table.tik" 1 0 1 1 90 .5 0 0 1
m2l2a	( -1647.13 -6960.13 -511.88 ) "static/bodies_tarp.tik" 1 1 1 1 90 .5 0 0 1
# map	m2l2b	main	800 1000 500 1 1 0 0 0
m2l2b	( -2320.87 -7208.87 -511.88 ) "static/indycrate.tik" 1 0 1 0 90 .5 0 0 1
m2l2b	( -2220.87 -7208.87 -511.88 ) "statweapons/mg42_gun.tik" 1 1 0 0 90 .5 0 0 1
m2l2b	( -2120.87 -7208.87 -511.88 ) "statweapons/flak88turret.tik" 1 1 .5 0 90 .25 0 0 1
m2l2b	( -2020.87 -7208.87 -511.88 ) "static/sandbag_link_main.tik" 1 0 0 1 90 .5 0 0 1
m2l2b	( -1920.87 -7208.87 -511.88 ) "static/indycrate.tik" 1 1 0 1 90 .5 1 0 1
m2l2b	( -1820.87 -7208.87 -511.88 ) "static/bunkertable.tik" 1 1 1 0 90 .5 0 1 1
m2l2b	( -1720.87 -7208.87 -511.88 ) "static/banquet_table.tik" 1 0 1 1 90 .5 0 0 1
m2l2b	( -1647.54 -6960.87 -511.88 ) "static/bodies_tarp.tik" 1 1 1 1 90 .5 0 0 1
# map	m2l2c	main	800 1000 500 1 1 0 0 0
m2l2c	( -531.13 -7004.60 -511.88 ) "static/indycrate.tik" 1 0 1 0 90 .5 0 0 1
m2l2c	( -631.13 -7004.60 -511.88 ) "statweapons/mg42_gun.tik" 1 1 0 0 90 .5 0 0 1
m2l2c	( -731.13 -7004.60 -511.88 ) "statweapons/flak88turret.tik" 1 1 .5 0 90 .25 0 0 1
m2l2c	( -831.13 -7004.60 -511.88 ) "static/sandbag_link_main.tik" 1 0 0 1 90 .5 0 0 1
m2l2c	( -931.13 -7004.60 -511.88 ) "static/indycrate.tik" 1 1 0 1 90 .5 1 0 1
m2l2c	( -1031.13 -7004.60 -511.88 ) "static/bunkertable.tik" 1 1 1 0 90 .5 0 1 1
m2l2c	( -1131.13 -7004.60 -511.88 ) "static/banquet_table.tik" 1 0 1 1 90 .5 0 0 1
m2l2c	( -1231.13 -7004.60 -511.88 ) "static/bodies_tarp.tik" 1 1 1 1 90 .5 0 0 1
m2l2c	( 3116.87 -6948.81 -511.88 ) "static/indycrate.tik" 1 0 1 0 90 .5 0 0 1
m2l2c	( 3016.87 -6948.81 -511.88 ) "statweapons/mg42_gun.tik" 1 1 0 0 90 .5 0 0 1
m2l2c	( 2916.87 -6948.81 -511.88 ) "statweapons/flak88turret.tik" 1 1 .5 0 90 .25 0 0 1
m2l2c	( 2816.87 -6948.81 -511.88 ) "static/sandbag_link_main.tik" 1 0 0 1 90 .5 0 0 1
m2l2c	( 2716.87 -6948.81 -511.88 ) "static/indycrate.tik" 1 1 0 1 90 .5 1 0 1
m2l2c	( 2616.87 -6948.81 -511.88 ) "static/bunkertable.tik" 1 1 1 0 90 .5 0 1 1
m2l2c	( 2516.87 -6948.81 -511.88 ) "static/banquet_table.tik" 1 0 1 1 90 .5 0 0 1
m2l2c	( 2416.87 -6948.81 -511.88 ) "static/bodies_tarp.tik" 1 1 1 1 90 .5 0 0 1
# map	m2l3	main	800 1000 500 1 1 0 0 0
m2l3	( 20 -23 -511 ) "static/indycrate.tik" 1 0 1 0 90 .5 0 0 1
m2l3	( -80 -23 -511 ) "statweapons/mg42_gun.tik" 1 1 0 0 90 .5 0 0 1
m2l3	( -180 -23 -511 ) "statweapons/flak88turret.tik" 1 1 .5 0 90 .25 0 0 1
m2l3	( -280 -23 -511 ) "static/sandbag_link_main.tik" 1 0 0 1 90 .5 0 0 1
m2l3	( -380 -23 -511 ) "static/indycrate.tik" 1 1 0 1 90 .5 1 0 1
m2l3	( -480 -23 -511 ) "static/bunkertable.tik" 1 1 1 0 90 .5 0 1 1
m2l3	( -580 -23 -511 ) "static/banquet_table.tik" 1 0 1 1 90 .5 0 0 1
m2l3	( -680 -23 -511 ) "static/bodies_tarp.tik" 1 1 1 1 90 .5 0 0 1
m2l3	( 1301 4648 -527 ) "static/indycrate.tik" 1 0 1 0 90 .5 0 0 1
m2l3	( 1301 4548 -527 ) "statweapons/mg42_gun.tik" 1 1 0 0 90 .5 0 0 1
m2l3	( 1301 4448 -527 ) "statweapons/flak88turret.tik" 1 1 .5 0 90 .25 0 0 1
m2l3	( 1301 4348 -527 ) "static/sandbag_link_main.tik" 1 0 0 1 90 .5 0 0 1
m2l3	( 1301 4248 -527 ) "static/indycrate.tik" 1 1 0 1 90 .5 1 0 1
m2l3	( 1301 4148 -527 ) "static/bunkertable.tik" 1 1 1 0 90 .5 0 1 1
m2l3	( 1301 4048 -527 ) "static/banquet_table.tik" 1 0 1 1 90 .5 0 0 1
m2l3	( 1301 3948 -527 ) "static/bodies_tarp.tik" 1 1 1 1 90 .5 0 0 1
# map	m3l1a	main	800 1000 500 1 1 0 0 0
m3l1a	( 2168.00 -672.00 -464.00 ) "static/indycrate.tik" 1 0 1 0 90 .5 0 0 1
m3l1a	( 2168.00 -572.00 -464.00 ) "statweapons/mg42_gun.tik" 1 1 0 0 90 .5 0 0 1
m3l1a	( 2168.00 -472.00 -464.00 ) "statweapons/flak88turret.tik" 1 1 .5 0 90 .25 0 0 1
m3l1a	( 2168.00 -372.00 -464.00 ) "static/sandbag_link_main.tik" 1 0 0 1 90 .5 0 0 1
m3l1a	( 2168.00 -272.00 -464.00 ) "static/indycrate.tik" 1 1 0 1 90 .5 1 0 1
m3l1a	( 2168.00 -172.00 -464.00 ) "static/bunkertable.tik" 1 1 1 0 90 .5 0 1 1
m3l1a	( 2168.00 -72.00 -464.00 ) "static/banquet_table.tik" 1 0 1 1 90 .5 0 0 1
m3l1a	( 2168.00 172.00 -464.00 ) "static/bodies_tarp.tik" 1 1 1 1 90 .5 0 0 1
m3l1a	( 2568.00 3936.00 -310.00 ) "static/indycrate.tik" 1 0 1 0 90 .5 0 0 1
m3l1a	( 2468.00 3936.00 -310.00 ) "statweapons/mg42_gun.tik" 1 1 0 0 90 .5 0 0 1
m3l1a	( 2368.00 3936.00 -310.00 ) "statweapons/flak88turret.tik" 1 1 .5 0 90 .25 0 0 1
m3l1a	( 2268.00 3936.00 -310.00 ) "static/sandbag_link_main.tik" 1 0 0 1 90 .5 0 0 1
m3l1a	( 2168.00 3936.00 -310.00 ) "static/indycrate.tik" 1 1 0 1 90 .5 1 0 1
m3l1a	( 2068.00 3936.00 -310.00 ) "static/bunkertable.tik" 1 1 1 0 90 .5 0 1 1
m3l1a	( 1968.00 3936.00 -310.00 ) "static/banquet_table.tik" 1 0 1 1 90 .5 0 0 1
m3l1a	( 1868.00 3936.00 -310.00 ) "static/bodies_tarp.tik" 1 1 1 1 90 .5 0 0 1
# map	m3l1b	main	800 1000 500 1 1 0 0 0
m3l1b	( 630.21 -4740.40 -384.44 ) "static/indycrate.tik" 1 0 1 0 90 .5 0 0 1
m3l1b	( 730.21 -4740.40 -384.44 ) "statweapons/mg42_gun.tik" 1 1 0 0 90 .5 0 0 1
m3l1b	( 830.21 -4740.40 -384.44 ) "statweapons/flak88turret.tik" 1 1 .5 0 90 .25 0 0 1
m3l1b	( 930.21 -4740.40 -384.44 ) "static/sandbag_link_main.tik" 1 0 0 1 90 .5 0 0 1
m3l1b	( 1030.21 -4740.40 -380.44 ) "static/indycrate.tik" 1 1 0 1 90 .5 1 0 1
m3l1b	( 1130.21 -4740.40 -380.44 ) "static/bunkertable.tik" 1 1 1 0 90 .5 0 1 1
m3l1b	( 1230.21 -4740.40 -384.44 ) "static/banquet_table.tik" 1 0 1 1 90 .5 0 0 1
m3l1b	( 1330.21 -4740.40 -384.44 ) "static/bodies_tarp.tik" 1 1 1 1 90 .5 0 0 1
m3l1b	( -808.16 -1210.04 350.32 ) "static/indycrate.tik" 1 0 1 0 90 .5 0 0 1
m3l1b	( -708.16 -1210.04 350.32 ) "statweapons/mg42_gun.tik" 1 1 0 0 90 .5 0 0 1
m3l1b	( -608.16 -1210.04 350.32 ) "statweapons/flak88turret.tik" 1 1 .5 0 90 .25 0 0 1
m3l1b	( -508.16 -1210.04 350.32 ) "static/sandbag_link_main.tik" 1 0 0 1 90 .5 0 0 1
m3l1b	( -408.16 -1210.04 350.32 ) "static/indycrate.tik" 1 1 0 1 90 .5 1 0 1
m3l1b	( -308.16 -1210.04 350.32 ) "static/bunkertable.tik" 1 1 1 0 90 .5 0 1 1
m3l1b	( -208.16 -1210.04 350.32 ) "static/banquet_table.tik" 1 0 1 1 90 .5 0 0 1
m3l1b	( -108.16 -1210.04 350.32 ) "static/bodies_tarp.tik" 1 1 1 1 90 .5 0 0 1
# map	m3l2	main	800 1000 500 1 1 0 0 0
m3l2	( -3992.87 2160.34 0.13 ) "static/indycrate.tik" 1 0 1 0 90 .5 0 0 1
m3l2	( -3992.87 2260.34 0.13 ) "statweapons/mg42_gun.tik" 1 1 0 0 90 .5 0 0 1
m3l2	( -3992.87 2360.34 0.13 ) "statweapons/flak88turret.tik" 1 1 .5 0 90 .25 0 0 1
m3l2	( -3992.87 2460.34 0.13 ) "static/sandbag_link_main.tik" 1 0 0 1 90 .5 0 0 1
m3l2	( -3992.87 2560.34 0.13 ) "static/indycrate.tik" 1 1 0 1 90 .5 1 0 1
m3l2	( -3992.87 2660.34 0.13 ) "static/bunkertable.tik" 1 1 1 0 90 .5 0 1 1
m3l2	( -4092.87 2660.34 0.13 ) "static/banquet_table.tik" 1 0 1 1 90 .5 0 0 1
m3l2	( -4192.87 2660.34 0.13 ) "static/bodies_tarp.tik" 1 1 1 1 90 .5 0 0 1
m3l2	( -3002.49 -6184.21 -339.95 ) "static/indycrate.tik" 1 0 1 0 90 .5 0 0 1
m3l2	( -3002.49 -6284.21 -339.95 ) "statweapons/mg42_gun.tik" 1 1 0 0 90 .5 0 0 1
m3l2	( -3002.49 -6384.21 -339.95 ) "statweapons/flak88turret.tik" 1 1 .5 0 90 .25 0 0 1
m3l2	( -3002.49 -6484.21 -339.95 ) "static/sandbag_link_main.tik" 1 0 0 1 90 .5 0 0 1
m3l2	( -3002.49 -6584.21 -339.95 ) "static/indycrate.tik" 1 1 0 1 90 .5 1 0 1
m3l2	( -3002.49 -6684.21 -339.95 ) "static/bunkertable.tik" 1 1 1 0 90 .5 0 1 1
m3l2	( -3002.49 -6784.21 -339.95 ) "static/banquet_table.tik" 1 0 1 1 90 .5 0 0 1
m3l2	( -3002.49 -6884.21 -339.95 ) "static/bodies_tarp.tik" 1 1 1 1 90 .5 0 0 1
m3l2	( 3599.93 -4037.07 -191.72 ) "static/indycrate.tik" 1 0 1 0 90 .5 0 0 1
m3l2	( 3499.93 -4037.07 -191.72 ) "statweapons/mg42_gun.tik" 1 1 0 0 90 .5 0 0 1
m3l2	( 3399.93 -4037.07 -191.72 ) "statweapons/flak88turret.tik" 1 1 .5 0 90 .25 0 0 1
m3l2	( 3299.93 -4037.07 -191.72 ) "static/sandbag_link_main.tik" 1 0 0 1 90 .5 0 0 1
m3l2	( 3199.93 -4037.07 -191.72 ) "static/indycrate.tik" 1 1 0 1 90 .5 1 0 1
m3l2	( 3099.93 -4037.07 -191.72 ) "static/bunkertable.tik" 1 1 1 0 90 .5 0 1 1
m3l2	( 2999.93 -4037.07 -191.72 ) "static/banquet_table.tik" 1 0 1 1 90 .5 0 0 1
m3l2	( 2899.93 -4037.07 -191.72 ) "static/bodies_tarp.tik" 1 1 1 1 90 .5 0 0 1
m3l2	( 1133 -5725 25 ) "static/indycrate.tik" 1 0 1 0 90 .5 0 0 1
m3l2	( 1106 -5639 24 ) "statweapons/mg42_gun.tik" 1 1 0 0 90 .5 0 0 1
m3l2	( 1082 -5556 22 ) "statweapons/flak88turret.tik" 1 1 .5 0 90 .25 0 0 1
m3l2	( 1060 -5474 21 ) "static/sandbag_link_main.tik" 1 0 0 1 90 .5 0 0 1
m3l2	( 1018 -5412 21 ) "static/indycrate.tik" 1 1 0 1 90 .5 1 0 1
m3l2	( 993 -5333 18 ) "static/bunkertable.tik" 1 1 1 0 90 .5 0 1 1
m3l2	( 967 -5254 16 ) "static/banquet_table.tik" 1 0 1 1 90 .5 0 0 1
m3l2	( 945 -5179 14 ) "static/bodies_tarp.tik" 1 1 1 1 90 .5 0 0 1
# map	m3l3	main	800 1000 500 1 1 0 0 0
m3l3	( 579 -1721 -313 ) "static/indycrate.tik" 1 0 1 0 90 .5 0 0 1
m3l3	( 679 -1721 -313 ) "statweapons/mg42_gun.tik" 1 1 0 0 90 .5 0 0 1
m3l3	( 779 -1721 -313 ) "statweapons/flak88turret.tik" 1 1 .5 0 90 .25 0 0 1
m3l3	( 879 -1721 -313 ) "static/sandbag_link_main.tik" 1 0 0 1 90 .5 0 0 1
m3l3	( 979 -1721 -313 ) "static/indycrate.tik" 1 1 0 1 90 .5 1 0 1
m3l3	( 1079 -1721 -313 ) "static/bunkertable.tik" 1 1 1 0 90 .5 0 1 1
m3l3	( 1179 -1721 -313 ) "static/banquet_table.tik" 1 0 1 1 90 .5 0 0 1
m3l3	( 1279 -1721 -313 ) "static/bodies_tarp.tik" 1 1 1 1 90 .5 0 0 1
m3l3	( -3893 -4357 -159 ) "static/indycrate.tik" 1 0 1 0 90 .5 0 0 1
m3l3	( -3993 -4357 -159 ) "statweapons/mg42_gun.tik" 1 1 0 0 90 .5 0 0 1
m3l3	( -4093 -4357 -159 ) "statweapons/flak88turret.tik" 1 1 .5 0 90 .25 0 0 1
m3l3	( -4193 -4357 -159 ) "static/sandbag_link_main.tik" 1 0 0 1 90 .5 0 0 1
m3l3	( -4293 -4357 -159 ) "static/indycrate.tik" 1 1 0 1 90 .5 1 0 1
m3l3	( -4393 -4357 -159 ) "static/bunkertable.tik" 1 1 1 0 90 .5 0 1 1
m3l3	( -4493 -4357 -159 ) "static/banquet_table.tik" 1 0 1 1 90 .5 0 0 1
m3l3	( -4593 -4357 -159 ) "static/bodies_tarp.tik" 1 1 1 1 90 .5 0 0 1
m3l3	( 3862 624 -328 ) "static/indycrate.tik" 1 0 1 0 90 .5 0 0 1
m3l3	( 3862 524 -328 ) "statweapons/mg42_gun.tik" 1 1 0 0 90 .5 0 0 1
m3l3	( 3862 424 -328 ) "statweapons/flak88turret.tik" 1 1 .5 0 90 .25 0 0 1
m3l3	( 3862 324 -328 ) "static/sandbag_link_main.tik" 1 0 0 1 90 .5 0 0 1
m3l3	( 3862 224 -328 ) "static/indycrate.tik" 1 1 0 1 90 .5 1 0 1
m3l3	( 3862 124 -328 ) "static/bunkertable.tik" 1 1 1 0 90 .5 0 1 1
m3l3	( 3862 24 -328 ) "static/banquet_table.tik" 1 0 1 1 90 .5 0 0 1
m3l3	( 3862 -76 -328 ) "static/bodies_tarp.tik" 1 1 1 1 90 .5 0 0 1
m3l3	( 2593 3556 -255 ) "static/indycrate.tik" 1 0 1 0 90 .5 0 0 1
m3l3	( 2693 3556 -255 ) "statweapons/mg42_gun.tik" 1 1 0 0 90 .5 0 0 1
m3l3	( 2793 3556 -255 ) "statweapons/flak88turret.tik" 1 1 .5 0 90 .25 0 0 1
m3l3	( 2893 3556 -255 ) "static/sandbag_link_main.tik" 1 0 0 1 90 .5 0 0 1
m3l3	( 2993 3556 -255 ) "static/indycrate.tik" 1 1 0 1 90 .5 1 0 1
m3l3	( 3093 3556 -255 ) "static/bunkertable.tik" 1 1 1 0 90 .5 0 1 1
m3l3	( 3193 3556 -255 ) "static/banquet_table.tik" 1 0 1 1 90 .5 0 0 1
m3l3	( 3293 3556 -255 ) "static/bodies_tarp.tik" 1 1 1 1 90 .5 0 0 1
m3l3	( -2566 3343 -145 ) "static/indycrate.tik" 1 0 1 0 90 .5 0 0 1
m3l3	( -2566 3443 -132 ) "statweapons/mg42_gun.tik" 1 1 0 0 90 .5 0 0 1
m3l3	( -2566 3543 -112 ) "statweapons/flak88turret.tik" 1 1 .5 0 90 .25 0 0 1
m3l3	( -2566 3643 -105 ) "static/sandbag_link_main.tik" 1 0 0 1 90 .5 0 0 1
m3l3	( -2566 3743 -103 ) "static/indycrate.tik" 1 1 0 1 90 .5 1 0 1
m3l3	( -2566 3843 -96 ) "static/bunkertable.tik" 1 1 1 0 90 .5 0 1 1
m3l3	( -2566 3943 -95 ) "static/banquet_table.tik" 1 0 1 1 90 .5 0 0 1
m3l3	( -2566 4043 -93 ) "static/bodies_tarp.tik" 1 1 1 1 90 .5 0 0 1
# map	m4l0	main	800 1000 500 1 1 0 0 1
m4l0	( -3533 -4457 25 ) "static/indycrate.tik" 1 0 1 0 90 .5 0 0 1
m4l0	( -3533 -4557 35 ) "statweapons/mg42_gun.tik" 1 1 0 0 90 .5 0 0 1
m4l0	( -3533 -4657 35 ) "statweapons/flak88turret.tik" 1 1 .5 0 90 .25 0 0 1
m4l0	( -3533 -4757 19 ) "static/sandbag_link_main.tik" 1 0 0 1 90 .5 0 0 1
m4l0	( -3533 -4857 19 ) "static/indycrate.tik" 1 1 0 1 90 .5 1 0 1
m4l0	( -3533 -4957 19 ) "static/bunkertable.tik" 1 1 1 0 90 .5 0 1 1
m4l0	( -3533 -5057 19 ) "static/banquet_table.tik" 1 0 1 1 90 .5 0 0 1
m4l0	( -3533 -5157 19 ) "static/bodies_tarp.tik" 1 1 1 1 90 .5 0 0 1
m4l0	( -3533 -5257 19 ) "static/bookcase.tik" 1 0 1 0 90 .5 0 0 1
m4l0	( -3533 -5357 19 ) "static/static_naziflag1.tik" 1 1 1 1 90 .5 0 0 1
m4l0	( -3533 -5457 19 ) "static/barbwire.tik" 1 0 1 1 90 .5 0 0 1
m4l0	( -3533 -5557 19 ) "static/sandbag_longsegment.tik" 1 0 0 1 90 .5 0 0 1
m4l0	( -3533 -5657 19 ) "static/cabinet_large.tik" 1 1 1 1 90 .6 0 0 1
m4l0	( -3533 -5757 19 ) "static/bush_full.tik" 1 0 1 0 90 .5 0 0 0
m4l0	( 4572 2300 470 ) "static/indycrate.tik" 1 0 1 0 90 .5 0 0 1
m4l0	( 4472 2300 470 ) "statweapons/mg42_gun.tik" 1 1 0 0 90 .5 0 0 1
m4l0	( 4372 2300 470 ) "statweapons/flak88turret.tik" 1 1 .5 0 90 .25 0 0 1
m4l0	( 4272 2300 470 ) "static/sandbag_link_main.tik" 1 0 0 1 90 .5 0 0 1
m4l0	( 4172 2300 470 ) "static/indycrate.tik" 1 1 0 1 90 .5 1 0 1
m4l0	( 4072 2300 470 ) "static/bunkertable.tik" 1 1 1 0 90 .5 0 1 1
m4l0	( 3972 2300 455 ) "static/banquet_table.tik" 1 0 1 1 90 .5 0 0 1
m4l0	( 3872 2300 450 ) "static/bodies_tarp.tik" 1 1 1 1 90 .5 0 0 1
m4l0	( 3772 2300 445 ) "static/bookcase.tik" 1 0 1 0 90 .5 0 0 1
m4l0	( 3672 2300 430 ) "static/static_naziflag1.tik" 1 1 1 1 90 .5 0 0 1
m4l0	( 3572 2300 420 ) "static/barbwire.tik" 1 0 1 1 90 .5 0 0 1
m4l0	( 3472 2300 410 ) "static/sandbag_longsegment.tik" 1 0 0 1 90 .5 0 0 1
m4l0	( 3372 2300 390 ) "static/cabinet_large.tik" 1 1 1 1 90 .6 0 0 1
m4l0	( 3272 2300 380 ) "static/bush_full.tik" 1 0 1 0 90 .5 0 0 0
m4l0	( -1810 3900 -110 ) "static/indycrate.tik" 1 0 1 0 90 .5 0 0 1
m4l0	( -1910 3900 -110 ) "statweapons/mg42_gun.tik" 1 1 0 0 90 .5 0 0 1
m4l0	( -2010 3900 -135 ) "statweapons/flak88turret.tik" 1 1 .5 0 90 .25 0 0 1
m4l0	( -2110 3900 -150 ) "static/sandbag_link_main.tik" 1 0 0 1 90 .5 0 0 1
m4l0	( -2210 3900 -160 ) "static/indycrate.tik" 1 1 0 1 90 .5 1 0 1
m4l0	( -2310 3900 -160 ) "static/bunkertable.tik" 1 1 1 0 90 .5 0 1 1
m4l0	( -2410 3900 -155 ) "static/banquet_table.tik" 1 0 1 1 90 .5 0 0 1
m4l0	( -2510 3900 -145 ) "static/bodies_tarp.tik" 1 1 1 1 90 .5 0 0 1
m4l0	( -2610 3900 -140 ) "static/bookcase.tik" 1 0 1 0 90 .5 0 0 1
m4l0	( -2710 3900 -125 ) "static/static_naziflag1.tik" 1 1 1 1 90 .5 0 0 1
m4l0	( -2810 3900 -125 ) "static/barbwire.tik" 1 0 1 1 90 .5 0 0 1
m4l0	( -2910 3900 -100 ) "static/sandbag_longsegment.tik" 1 0 0 1 90 .5 0 0 1
m4l0	( -3010 3900 -85 ) "static/cabinet_large.tik" 1 1 1 1 90 .6 0 0 1
m4l0	( -3110 3900 -80 ) "static/bush_full.tik" 1 0 1 0 90 .5 0 0 0
# map	m4l1	main	800 1000 500 1 1 0 0 1
m4l1	( -611.14 -4200.42 -165.67 ) "static/indycrate.tik" 1 0 1 0 90 .5 0 0 1
m4l1	( -711.14 -4100.42 -165.67 ) "statweapons/mg42_gun.tik" 1 1 0 0 90 .5 0 0 1
m4l1	( -811.14 -4000.42 -165.67 ) "statweapons/flak88turret.tik" 1 1 .5 0 90 .25 0 0 1
m4l1	( -911.14 -3900.42 -165.67 ) "static/sandbag_link_main.tik" 1 0 0 1 90 .5 0 0 1
m4l1	( -1111.14 -3800.42 -165.67 ) "static/indycrate.tik" 1 1 0 1 90 .5 1 0 1
m4l1	( -1311.14 -3750.42 -165.67 ) "static/bunkertable.tik" 1 1 1 0 90 .5 0 1 1
m4l1	( -1411.14 -3600.42 -165.67 ) "static/banquet_table.tik" 1 0 1 1 90 .5 0 0 1
m4l1	( -1511.14 -3550.42 -165.67 ) "static/bodies_tarp.tik" 1 1 1 1 90 .5 0 0 1
m4l1	( 4497.64 -2640.57 30.23 ) "static/indycrate.tik" 1 0 1 0 90 .5 0 0 1
m4l1	( 4397.64 -2640.57 40.23 ) "statweapons/mg42_gun.tik" 1 1 0 0 90 .5 0 0 1
m4l1	( 4297.64 -2640.57 40.23 ) "statweapons/flak88turret.tik" 1 1 .5 0 90 .25 0 0 1
m4l1	( 4197.64 -2640.57 45.23 ) "static/sandbag_link_main.tik" 1 0 0 1 90 .5 0 0 1
m4l1	( 4097.64 -2640.57 50.23 ) "static/indycrate.tik" 1 1 0 1 90 .5 1 0 1
m4l1	( 3997.64 -2640.57 55.23 ) "static/bunkertable.tik" 1 1 1 0 90 .5 0 1 1
m4l1	( 3897.64 -2640.57 60.23 ) "static/banquet_table.tik" 1 0 1 1 90 .5 0 0 1
m4l1	( 3797.64 -2640.57 70.23 ) "static/bodies_tarp.tik" 1 1 1 1 90 .5 0 0 1
m4l1	( 1039.13 2218.31 65.80 ) "static/indycrate.tik" 1 0 1 0 90 .5 0 0 1
m4l1	( 1139.13 2218.31 75.80 ) "statweapons/mg42_gun.tik" 1 1 0 0 90 .5 0 0 1
m4l1	( 1239.13 2218.31 71.80 ) "statweapons/flak88turret.tik" 1 1 .5 0 90 .25 0 0 1
m4l1	( 1339.13 2218.31 65.80 ) "static/sandbag_link_main.tik" 1 0 0 1 90 .5 0 0 1
m4l1	( 1439.13 2218.31 65.80 ) "static/indycrate.tik" 1 1 0 1 90 .5 1 0 1
m4l1	( 1039.13 2418.31 65.80 ) "static/bunkertable.tik" 1 1 1 0 90 .5 0 1 1
m4l1	( 1039.13 2518.31 65.80 ) "static/banquet_table.tik" 1 0 1 1 90 .5 0 0 1
m4l1	( 1039.13 2618.31 75.80 ) "static/bodies_tarp.tik" 1 1 1 1 90 .5 0 0 1
# map	m4l2	main	800 1000 500 1 1 0 0 1
m4l2	( 4643 2200 212 ) "static/indycrate.tik" 1 0 1 0 90 .5 0 0 1
m4l2	( 4743 2200 217 ) "statweapons/mg42_gun.tik" 1 1 0 0 90 .5 0 0 1
m4l2	( 4843 2200 222 ) "statweapons/flak88turret.tik" 1 1 .5 0 90 .25 0 0 1
m4l2	( 4943 2200 227 ) "static/sandbag_link_main.tik" 1 0 0 1 90 .5 0 0 1
m4l2	( 5043 2200 232 ) "static/indycrate.tik" 1 1 0 1 90 .5 1 0 1
m4l2	( 5143 2200 237 ) "static/bunkertable.tik" 1 1 1 0 90 .5 0 1 1
m4l2	( 5243 2200 242 ) "static/banquet_table.tik" 1 0 1 1 90 .5 0 0 1
m4l2	( 5343 2200 247 ) "static/bodies_tarp.tik" 1 1 1 1 90 .5 0 0 1
m4l2	( -4229 -1270 0 ) "static/indycrate.tik" 1 0 1 0 90 .5 0 0 1
m4l2	( -4329 -1270 0 ) "statweapons/mg42_gun.tik" 1 1 0 0 90 .5 0 0 1
m4l2	( -4429 -1270 0 ) "statweapons/flak88turret.tik" 1 1 .5 0 90 .25 0 0 1
m4l2	( -4529 -1270 0 ) "static/sandbag_link_main.tik" 1 0 0 1 90 .5 0 0 1
m4l2	( -4629 -1270 0 ) "static/indycrate.tik" 1 1 0 1 90 .5 1 0 1
m4l2	( -4729 -1270 0 ) "static/bunkertable.tik" 1 1 1 0 90 .5 0 1 1
m4l2	( -4829 -1270 0 ) "static/banquet_table.tik" 1 0 1 1 90 .5 0 0 1
m4l2	( -4929 -1270 0 ) "static/bodies_tarp.tik" 1 1 1 1 90 .5 0 0 1
m4l2	( -5900 3840 0 ) "static/indycrate.tik" 1 0 1 0 90 .5 0 0 1
m4l2	( -6000 3840 0 ) "statweapons/mg42_gun.tik" 1 1 0 0 90 .5 0 0 1
m4l2	( -6100 3840 0 ) "statweapons/flak88turret.tik" 1 1 .5 0 90 .25 0 0 1
m4l2	( -6200 3840 0 ) "static/sandbag_link_main.tik" 1 0 0 1 90 .5 0 0 1
m4l2	( -6300 3840 0 ) "static/indycrate.tik" 1 1 0 1 90 .5 1 0 1
m4l2	( -6400 3840 0 ) "static/bunkertable.tik" 1 1 1 0 90 .5 0 1 1
m4l2	( -6500 3840 0 ) "static/banquet_table.tik" 1 0 1 1 90 .5 0 0 1
m4l2	( -6600 3840 0 ) "static/bodies_tarp.tik" 1 1 1 1 90 .5 0 0 1
# map	m4l3	main	800 1000 500 1 1 0 0 1
m4l3	( -2986.74 -4111.13 -315.36 ) "static/indycrate.tik" 1 0 1 0 90 .5 0 0 1
m4l3	( -2986.74 -4211.13 -305.36 ) "statweapons/mg42_gun.tik" 1 1 0 0 90 .5 0 0 1
m4l3	( -2986.74 -4311.13 -300.36 ) "statweapons/flak88turret.tik" 1 1 .5 0 90 .25 0 0 1
m4l3	( -2986.74 -4411.13 -297.36 ) "static/sandbag_link_main.tik" 1 0 0 1 90 .5 0 0 1
m4l3	( -2986.74 -4511.13 -299.36 ) "static/indycrate.tik" 1 1 0 1 90 .5 1 0 1
m4l3	( -2986.74 -4611.13 -308.36 ) "static/bunkertable.tik" 1 1 1 0 90 .5 0 1 1
m4l3	( -2986.74 -4711.13 -315.36 ) "static/banquet_table.tik" 1 0 1 1 90 .5 0 0 1
m4l3	( -2986.74 -4811.13 -311.36 ) "static/bodies_tarp.tik" 1 1 1 1 90 .5 0 0 1
m4l3	( -6030 1600 -12 ) "static/indycrate.tik" 1 0 1 0 90 .5 0 0 1
m4l3	( -6030 1700 -12 ) "statweapons/mg42_gun.tik" 1 1 0 0 90 .5 0 0 1
m4l3	( -6030 1800 -12 ) "statweapons/flak88turret.tik" 1 1 .5 0 90 .25 0 0 1
m4l3	( -6030 1900 -12 ) "static/sandbag_link_main.tik" 1 0 0 1 90 .5 0 0 1
m4l3	( -6030 2000 -12 ) "static/indycrate.tik" 1 1 0 1 90 .5 1 0 1
m4l3	( -6030 2100 -12 ) "static/bunkertable.tik" 1 1 1 0 90 .5 0 1 1
m4l3	( -6030 2200 -12 ) "static/banquet_table.tik" 1 0 1 1 90 .5 0 0 1
m4l3	( -6030 2300 -12 ) "static/bodies_tarp.tik" 1 1 1 1 90 .5 0 0 1
m4l3	( 2086.16 -66.42 -47.06 ) "static/indycrate.tik" 1 0 1 0 90 .5 0 0 1
m4l3	( 2086.16 -166.42 -47.06 ) "statweapons/mg42_gun.tik" 1 1 0 0 90 .5 0 0 1
m4l3	( 2086.16 -266.42 -47.06 ) "statweapons/flak88turret.tik" 1 1 .5 0 90 .25 0 0 1
m4l3	( 2086.16 -366.42 -47.06 ) "static/sandbag_link_main.tik" 1 0 0 1 90 .5 0 0 1
m4l3	( 2086.16 -466.42 -47.06 ) "static/indycrate.tik" 1 1 0 1 90 .5 1 0 1
m4l3	( 2086.16 -566.42 -47.06 ) "static/bunkertable.tik" 1 1 1 0 90 .5 0 1 1
m4l3	( 2086.16 -666.42 -47.06 ) "static/banquet_table.tik" 1 0 1 1 90 .5 0 0 1
m4l3	( 2086.16 -766.42 -47.06 ) "static/bodies_tarp.tik" 1 1 1 1 90 .5 0 0 1
# map	m5l1a	main	800 1000 500 1 1 0 0 1
m5l1a	( 4900.74 -4240.13 31.93 ) "static/indycrate.tik" 1 0 1 0 90 .5 0 0 1
m5l1a	( 5100.74 -4439.13 -7.00 ) "statweapons/mg42_gun.tik" 1 1 0 0 90 .5 0 0 1
m5l1a	( 5100.74 -4539.13 6.00 ) "statweapons/flak88turret.tik" 1 1 .5 0 90 .25 0 0 1
m5l1a	( 5100.74 -4639.13 -1.00 ) "static/sandbag_link_main.tik" 1 0 0 1 90 .5 0 0 1
m5l1a	( 5100.74 -4739.13 -13.00 ) "static/indycrate.tik" 1 1 0 1 90 .5 1 0 1
m5l1a	( 5000.74 -4839.13 -1.00 ) "static/bunkertable.tik" 1 1 1 0 90 .5 0 1 1
m5l1a	( 5100.74 -4939.13 1.00 ) "static/banquet_table.tik" 1 0 1 1 90 .5 0 0 1
m5l1a	( 4800.74 -4270.13 31.93 ) "static/bodies_tarp.tik" 1 1 1 1 90 .5 0 0 1
m5l1a	( 1166.78 -936.75 17.09 ) "static/indycrate.tik" 1 0 1 0 90 .5 0 0 1
m5l1a	( 1166.78 -1036.75 8.09 ) "statweapons/mg42_gun.tik" 1 1 0 0 90 .5 0 0 1
m5l1a	( 1166.78 -1136.75 9.09 ) "statweapons/flak88turret.tik" 1 1 .5 0 90 .25 0 0 1
m5l1a	( 1166.78 -1236.75 8.09 ) "static/sandbag_link_main.tik" 1 0 0 1 90 .5 0 0 1
m5l1a	( 1166.78 -1336.75 0.09 ) "static/indycrate.tik" 1 1 0 1 90 .5 1 0 1
m5l1a	( 1166.78 -1436.75 -3.09 ) "static/bunkertable.tik" 1 1 1 0 90 .5 0 1 1
m5l1a	( 1166.78 -1536.75 -2.09 ) "static/banquet_table.tik" 1 0 1 1 90 .5 0 0 1
m5l1a	( 1166.78 -1636.75 0.09 ) "static/bodies_tarp.tik" 1 1 1 1 90 .5 0 0 1
m5l1a	( -2561 307 137 ) "static/indycrate.tik" 1 0 1 0 90 .5 0 0 1
m5l1a	( -2661 307 170 ) "statweapons/mg42_gun.tik" 1 1 0 0 90 .5 0 0 1
m5l1a	( -2761 307 179 ) "statweapons/flak88turret.tik" 1 1 .5 0 90 .25 0 0 1
m5l1a	( -2861 307 180 ) "static/sandbag_link_main.tik" 1 0 0 1 90 .5 0 0 1
m5l1a	( -2961 307 163 ) "static/indycrate.tik" 1 1 0 1 90 .5 1 0 1
m5l1a	( -3061 307 141 ) "static/bunkertable.tik" 1 1 1 0 90 .5 0 1 1
m5l1a	( -3161 307 128 ) "static/banquet_table.tik" 1 0 1 1 90 .5 0 0 1
m5l1a	( -3261 307 131 ) "static/bodies_tarp.tik" 1 1 1 1 90 .5 0 0 1
# map	m5l1b	main	800 1000 500 1 1 0 0 1
m5l1b	( -435.13 -5263.13 104.12 ) "static/indycrate.tik" 1 0 1 0 90 .5 0 0 1
m5l1b	( -435.13 -5463.13 104.12 ) "statweapons/mg42_gun.tik" 1 1 0 0 90 .5 0 0 1
m5l1b	( -435.13 -5563.13 104.12 ) "statweapons/flak88turret.tik" 1 1 .5 0 90 .25 0 0 1
m5l1b	( -435.13 -5663.13 104.12 ) "static/sandbag_link_main.tik" 1 0 0 1 90 .5 0 0 1
m5l1b	( -435.13 -5763.13 104.12 ) "static/indycrate.tik" 1 1 0 1 90 .5 1 0 1
m5l1b	( -435.13 -5863.13 104.12 ) "static/bunkertable.tik" 1 1 1 0 90 .5 0 1 1
m5l1b	( -635.13 -5263.13 104.12 ) "static/banquet_table.tik" 1 0 1 1 90 .5 0 0 1
m5l1b	( -735.13 -5263.13 104.12 ) "static/bodies_tarp.tik" 1 1 1 1 90 .5 0 0 1
m5l1b	( -1410.98 -866.17 393.95 ) "static/indycrate.tik" 1 0 1 0 90 .5 0 0 1
m5l1b	( -1410.98 -766.17 411.95 ) "statweapons/mg42_gun.tik" 1 1 0 0 90 .5 0 0 1
m5l1b	( -1410.98 -666.17 412.95 ) "statweapons/flak88turret.tik" 1 1 .5 0 90 .25 0 0 1
m5l1b	( -1410.98 -566.17 441.95 ) "static/sandbag_link_main.tik" 1 0 0 1 90 .5 0 0 1
m5l1b	( -1410.98 -466.17 455.95 ) "static/indycrate.tik" 1 1 0 1 90 .5 1 0 1
m5l1b	( -1410.98 -366.17 461.95 ) "static/bunkertable.tik" 1 1 1 0 90 .5 0 1 1
m5l1b	( -1410.98 -266.17 457.95 ) "static/banquet_table.tik" 1 0 1 1 90 .5 0 0 1
m5l1b	( -1410.98 -166.17 427.95 ) "static/bodies_tarp.tik" 1 1 1 1 90 .5 0 0 1
m5l1b	( 2959.45 59.89 384.87 ) "static/indycrate.tik" 1 0 1 0 90 .5 0 0 1
m5l1b	( 2959.45 -41.89 384.87 ) "statweapons/mg42_gun.tik" 1 1 0 0 90 .5 0 0 1
m5l1b	( 2959.45 -141.89 384.87 ) "statweapons/flak88turret.tik" 1 1 .5 0 90 .25 0 0 1
m5l1b	( 2959.45 -241.89 384.87 ) "static/sandbag_link_main.tik" 1 0 0 1 90 .5 0 0 1
m5l1b	( 2959.45 -341.89 384.87 ) "static/indycrate.tik" 1 1 0 1 90 .5 1 0 1
m5l1b	( 2959.45 -441.89 384.87 ) "static/bunkertable.tik" 1 1 1 0 90 .5 0 1 1
m5l1b	( 2959.45 -541.89 384.87 ) "static/banquet_table.tik" 1 0 1 1 90 .5 0 0 1
m5l1b	( 2959.45 -641.89 384.87 ) "static/bodies_tarp.tik" 1 1 1 1 90 .5 0 0 1
# map	m5l2a	main	800 1000 500 1 1 0 0 1
m5l2a	( 3294.59 -3929.38 185.54 ) "static/indycrate.tik" 1 0 1 0 90 .5 0 0 1
m5l2a	( 3294.59 -3829.38 185.54 ) "statweapons/mg42_gun.tik" 1 1 0 0 90 .5 0 0 1
m5l2a	( 3294.59 -3729.38 185.54 ) "statweapons/flak88turret.tik" 1 1 .5 0 90 .25 0 0 1
m5l2a	( 3294.59 -3629.38 185.54 ) "static/sandbag_link_main.tik" 1 0 0 1 90 .5 0 0 1
m5l2a	( 3294.59 -3529.38 185.54 ) "static/indycrate.tik" 1 1 0 1 90 .5 1 0 1
m5l2a	( 3294.59 -3429.38 185.54 ) "static/bunkertable.tik" 1 1 1 0 90 .5 0 1 1
m5l2a	( 3294.59 -3329.38 185.54 ) "static/banquet_table.tik" 1 0 1 1 90 .5 0 0 1
m5l2a	( 3294.59 -3229.38 191.54 ) "static/bodies_tarp.tik" 1 1 1 1 90 .5 0 0 1
m5l2a	( 1319.36 4481.82 286.69 ) "static/indycrate.tik" 1 0 1 0 90 .5 0 0 1
m5l2a	( 1419.36 4481.82 275.69 ) "statweapons/mg42_gun.tik" 1 1 0 0 90 .5 0 0 1
m5l2a	( 1519.36 4481.82 243.69 ) "statweapons/flak88turret.tik" 1 1 .5 0 90 .25 0 0 1
m5l2a	( 1619.36 4481.82 231.69 ) "static/sandbag_link_main.tik" 1 0 0 1 90 .5 0 0 1
m5l2a	( 1719.36 4481.82 231.69 ) "static/indycrate.tik" 1 1 0 1 90 .5 1 0 1
m5l2a	( 1819.36 4481.82 231.69 ) "static/bunkertable.tik" 1 1 1 0 90 .5 0 1 1
m5l2a	( 1919.36 4481.82 231.69 ) "static/banquet_table.tik" 1 0 1 1 90 .5 0 0 1
m5l2a	( 2019.36 4481.82 231.69 ) "static/bodies_tarp.tik" 1 1 1 1 90 .5 0 0 1
m5l2a	( -4215.58 6479.77 212.92 ) "static/indycrate.tik" 1 0 1 0 90 .5 0 0 1
m5l2a	( -4215.58 6379.77 217.92 ) "statweapons/mg42_gun.tik" 1 1 0 0 90 .5 0 0 1
m5l2a	( -4215.58 6279.77 217.92 ) "statweapons/flak88turret.tik" 1 1 .5 0 90 .25 0 0 1
m5l2a	( -4215.58 6179.77 219.92 ) "static/sandbag_link_main.tik" 1 0 0 1 90 .5 0 0 1
m5l2a	( -4215.58 6079.77 233.92 ) "static/indycrate.tik" 1 1 0 1 90 .5 1 0 1
m5l2a	( -4215.58 5979.77 242.92 ) "static/bunkertable.tik" 1 1 1 0 90 .5 0 1 1
m5l2a	( -4215.58 5879.77 246.92 ) "static/banquet_table.tik" 1 0 1 1 90 .5 0 0 1
m5l2a	( -4215.58 5779.77 249.92 ) "static/bodies_tarp.tik" 1 1 1 1 90 .5 0 0 1
# map	m5l2b	main	800 1000 500 1 1 0 0 1
m5l2b	( 6621.19 -5364.63 -166.23 ) "static/indycrate.tik" 1 0 1 0 90 .5 0 0 1
m5l2b	( 6521.19 -5423.63 -167.23 ) "statweapons/mg42_gun.tik" 1 1 0 0 90 .5 0 0 1
m5l2b	( 6409.19 -5450.63 -171.23 ) "statweapons/flak88turret.tik" 1 1 .5 0 90 .25 0 0 1
m5l2b	( 6309.19 -5450.63 -176.23 ) "static/sandbag_link_main.tik" 1 0 0 1 90 .5 0 0 1
m5l2b	( 6209.19 -5450.63 -185.23 ) "static/indycrate.tik" 1 1 0 1 90 .5 1 0 1
m5l2b	( 6109.19 -5450.63 -186.23 ) "static/bunkertable.tik" 1 1 1 0 90 .5 0 1 1
m5l2b	( 6009.19 -5450.63 -187.23 ) "static/banquet_table.tik" 1 0 1 1 90 .5 0 0 1
m5l2b	( 5909.19 -5450.63 -188.23 ) "static/bodies_tarp.tik" 1 1 1 1 90 .5 0 0 1
m5l2b	( -956.82 1833.36 -193.97 ) "static/indycrate.tik" 1 0 1 0 90 .5 0 0 1
m5l2b	( -956.82 1933.36 -191.97 ) "statweapons/mg42_gun.tik" 1 1 0 0 90 .5 0 0 1
m5l2b	( -956.82 2033.36 -185.97 ) "statweapons/flak88turret.tik" 1 1 .5 0 90 .25 0 0 1
m5l2b	( -956.82 2133.36 -184.97 ) "static/sandbag_link_main.tik" 1 0 0 1 90 .5 0 0 1
m5l2b	( -956.82 2233.36 -190.97 ) "static/indycrate.tik" 1 1 0 1 90 .5 1 0 1
m5l2b	( -956.82 2333.36 -191.97 ) "static/bunkertable.tik" 1 1 1 0 90 .5 0 1 1
m5l2b	( -956.82 2433.36 -196.97 ) "static/banquet_table.tik" 1 0 1 1 90 .5 0 0 1
m5l2b	( -956.82 2533.36 -190.97 ) "static/bodies_tarp.tik" 1 1 1 1 90 .5 0 0 1
m5l2b	( -7654.79 -2378.68 -135.88 ) "static/indycrate.tik" 1 0 1 0 90 .5 0 0 1
m5l2b	( -7654.79 -2278.68 -135.88 ) "statweapons/mg42_gun.tik" 1 1 0 0 90 .5 0 0 1
m5l2b	( -7654.79 -2178.68 -135.88 ) "statweapons/flak88turret.tik" 1 1 .5 0 90 .25 0 0 1
m5l2b	( -7654.79 -2078.68 -142.88 ) "static/sandbag_link_main.tik" 1 0 0 1 90 .5 0 0 1
m5l2b	( -7654.79 -1978.68 -141.88 ) "static/indycrate.tik" 1 1 0 1 90 .5 1 0 1
m5l2b	( -7654.79 -1878.68 -137.88 ) "static/bunkertable.tik" 1 1 1 0 90 .5 0 1 1
m5l2b	( -7654.79 -1778.68 -132.88 ) "static/banquet_table.tik" 1 0 1 1 90 .5 0 0 1
m5l2b	( -7654.79 -1678.68 -126.88 ) "static/bodies_tarp.tik" 1 1 1 1 90 .5 0 0 1
# map	m5l3	main	800 1000 500 1 1 0 0 1
m5l3	( 1742.04 4013.87 280.13 ) "static/indycrate.tik" 1 0 1 0 90 .5 0 0 1
m5l3	( 1742.04 4113.87 280.13 ) "statweapons/mg42_gun.tik" 1 1 0 0 90 .5 0 0 1
m5l3	( 1742.04 4213.87 280.13 ) "statweapons/flak88turret.tik" 1 1 .5 0 90 .25 0 0 1
m5l3	( 1742.04 4313.87 270.13 ) "static/sandbag_link_main.tik" 1 0 0 1 90 .5 0 0 1
m5l3	( 1742.04 4413.87 270.13 ) "static/indycrate.tik" 1 1 0 1 90 .5 1 0 1
m5l3	( 1742.04 4513.87 270.13 ) "static/bunkertable.tik" 1 1 1 0 90 .5 0 1 1
m5l3	( 1742.04 4613.87 260.13 ) "static/banquet_table.tik" 1 0 1 1 90 .5 0 0 1
m5l3	( 1742.04 4713.87 260.13 ) "static/bodies_tarp.tik" 1 1 1 1 90 .5 0 0 1
m5l3	( -1516.96 -2200.62 392.13 ) "static/indycrate.tik" 1 0 1 0 90 .5 0 0 1
m5l3	( -1416.96 -2200.62 392.13 ) "statweapons/mg42_gun.tik" 1 1 0 0 90 .5 0 0 1
m5l3	( -1316.96 -2200.62 392.13 ) "statweapons/flak88turret.tik" 1 1 .5 0 90 .25 0 0 1
m5l3	( -1216.96 -2200.62 392.13 ) "static/sandbag_link_main.tik" 1 0 0 1 90 .5 0 0 1
m5l3	( -1116.96 -2200.62 392.13 ) "static/indycrate.tik" 1 1 0 1 90 .5 1 0 1
m5l3	( -1016.96 -2200.62 392.13 ) "static/bunkertable.tik" 1 1 1 0 90 .5 0 1 1
m5l3	( -916.96 -2200.62 392.13 ) "static/banquet_table.tik" 1 0 1 1 90 .5 0 0 1
m5l3	( -816.96 -2200.62 392.13 ) "static/bodies_tarp.tik" 1 1 1 1 90 .5 0 0 1
# map	m6l1a	main	800 1000 500 1 1 0 0 1
m6l1a	( 5545.22 -6573.78 5411.23 ) "static/indycrate.tik" 1 0 1 0 90 .5 0 0 1
m6l1a	( 5445.22 -6573.78 5415.23 ) "statweapons/mg42_gun.tik" 1 1 0 0 90 .5 0 0 1
m6l1a	( 5345.22 -6573.78 5407.23 ) "statweapons/flak88turret.tik" 1 1 .5 0 90 .25 0 0 1
m6l1a	( 5245.22 -6573.78 5394.23 ) "static/sandbag_link_main.tik" 1 0 0 1 90 .5 0 0 1
m6l1a	( 5145.22 -6573.78 5392.23 ) "static/indycrate.tik" 1 1 0 1 90 .5 1 0 1
m6l1a	( 5045.22 -6573.78 5396.23 ) "static/bunkertable.tik" 1 1 1 0 90 .5 0 1 1
m6l1a	( 4945.22 -6573.78 5421.23 ) "static/banquet_table.tik" 1 0 1 1 90 .5 0 0 1
m6l1a	( 4845.22 -6573.78 5421.23 ) "static/bodies_tarp.tik" 1 1 1 1 90 .5 0 0 1
m6l1a	( 6388.00 3984.00 5369.00 ) "static/indycrate.tik" 1 0 1 0 90 .5 0 0 1
m6l1a	( 6375.00 3884.00 5358.00 ) "statweapons/mg42_gun.tik" 1 1 0 0 90 .5 0 0 1
m6l1a	( 6350.00 3784.00 5345.00 ) "statweapons/flak88turret.tik" 1 1 .5 0 90 .25 0 0 1
m6l1a	( 6317.00 3684.00 5339.00 ) "static/sandbag_link_main.tik" 1 0 0 1 90 .5 0 0 1
m6l1a	( 6302.00 3584.00 5338.00 ) "static/indycrate.tik" 1 1 0 1 90 .5 1 0 1
m6l1a	( 6294.00 3484.00 5342.00 ) "static/bunkertable.tik" 1 1 1 0 90 .5 0 1 1
m6l1a	( 6277.00 3384.00 5345.00 ) "static/banquet_table.tik" 1 0 1 1 90 .5 0 0 1
m6l1a	( 6256.00 3284.00 5344.00 ) "static/bodies_tarp.tik" 1 1 1 1 90 .5 0 0 1
m6l1a	( -3043.00 694.00 5483.00 ) "static/indycrate.tik" 1 0 1 0 90 .5 0 0 1
m6l1a	( -2958.00 794.00 5473.00 ) "statweapons/mg42_gun.tik" 1 1 0 0 90 .5 0 0 1
m6l1a	( -2925.00 894.00 5487.00 ) "statweapons/flak88turret.tik" 1 1 .5 0 90 .25 0 0 1
m6l1a	( -2901.00 994.00 5491.00 ) "static/sandbag_link_main.tik" 1 0 0 1 90 .5 0 0 1
m6l1a	( -2855.00 1094.00 5488.00 ) "static/indycrate.tik" 1 1 0 1 90 .5 1 0 1
m6l1a	( -2806.00 1194.00 5462.00 ) "static/bunkertable.tik" 1 1 1 0 90 .5 0 1 1
m6l1a	( -2834.00 1294.00 5466.00 ) "static/banquet_table.tik" 1 0 1 1 90 .5 0 0 1
m6l1a	( -2834.00 1394.00 5466.00 ) "static/bodies_tarp.tik" 1 1 1 1 90 .5 0 0 1
# map	m6l1b	main	800 1000 500 1 1 0 0 1
m6l1b	( 94.58 3059.74 1802.40 ) "static/indycrate.tik" 1 0 1 0 90 .5 0 0 1
m6l1b	( 68.58 3155.74 1808.40 ) "statweapons/mg42_gun.tik" 1 1 0 0 90 .5 0 0 1
m6l1b	( 42.58 3251.74 1822.40 ) "statweapons/flak88turret.tik" 1 1 .5 0 90 .25 0 0 1
m6l1b	( 16.58 3347.74 1846.40 ) "static/sandbag_link_main.tik" 1 0 0 1 90 .5 0 0 1
m6l1b	( -10.58 3443.74 1851.40 ) "static/indycrate.tik" 1 1 0 1 90 .5 1 0 1
m6l1b	( -36.58 3539.74 1850.40 ) "static/bunkertable.tik" 1 1 1 0 90 .5 0 1 1
m6l1b	( -62.58 3635.74 1836.40 ) "static/banquet_table.tik" 1 0 1 1 90 .5 0 0 1
m6l1b	( -88.58 3731.74 1821.40 ) "static/bodies_tarp.tik" 1 1 1 1 90 .5 0 0 1
m6l1b	( -5531.49 -1043.40 2112.20 ) "animate/military_radio.tik" 1 0 1 0 90 .5 0 0 1
m6l1b	( -5461.49 -1113.40 2114.20 ) "statweapons/mg42_gun.tik" 1 1 0 0 90 .5 0 0 1
m6l1b	( -5391.49 -1183.40 2115.20 ) "statweapons/flak88turret.tik" 1 1 .5 0 90 .25 0 0 1
m6l1b	( -5321.49 -1253.40 2122.20 ) "static/sandbag_link_main.tik" 1 0 0 1 90 .5 0 0 1
m6l1b	( -5251.49 -1323.40 2131.20 ) "static/indycrate.tik" 1 1 0 1 90 .5 1 0 1
m6l1b	( -5181.49 -1393.40 2134.20 ) "static/bunkertable.tik" 1 1 1 0 90 .5 0 1 1
m6l1b	( -5111.49 -1463.40 2140.20 ) "static/banquet_table.tik" 1 0 1 1 90 .5 0 0 1
m6l1b	( -5041.49 -1533.40 2147.20 ) "static/bodies_tarp.tik" 1 1 1 1 90 .5 0 0 1
m6l1b	( -3754.79 -6692.36 1715.28 ) "static/indycrate.tik" 1 0 1 0 90 .5 0 0 1
m6l1b	( -3654.79 -6692.36 1725.28 ) "statweapons/mg42_gun.tik" 1 1 0 0 90 .5 0 0 1
m6l1b	( -3554.79 -6692.36 1733.28 ) "statweapons/flak88turret.tik" 1 1 .5 0 90 .25 0 0 1
m6l1b	( -3454.79 -6692.36 1737.28 ) "static/sandbag_link_main.tik" 1 0 0 1 90 .5 0 0 1
m6l1b	( -3354.79 -6692.36 1730.28 ) "static/indycrate.tik" 1 1 0 1 90 .5 1 0 1
m6l1b	( -3254.79 -6692.36 1711.28 ) "static/bunkertable.tik" 1 1 1 0 90 .5 0 1 1
m6l1b	( -3154.79 -6692.36 1704.28 ) "static/banquet_table.tik" 1 0 1 1 90 .5 0 0 1
m6l1b	( -3054.79 -6692.36 1704.28 ) "static/bodies_tarp.tik" 1 1 1 1 90 .5 0 0 1
# map	m6l1c	main	800 1000 500 1 1 0 0 1
m6l1c	( -1600 1960 5 ) "static/indycrate.tik" 1 0 1 0 90 .5 0 0 1
m6l1c	( -1500 1960 0 ) "statweapons/mg42_gun.tik" 1 1 0 0 90 .5 0 0 1
m6l1c	( -1400 1960 0 ) "statweapons/flak88turret.tik" 1 1 .5 0 90 .25 0 0 1
m6l1c	( -1300 1960 -6 ) "static/sandbag_link_main.tik" 1 0 0 1 90 .5 0 0 1
m6l1c	( -1200 1960 -9 ) "static/indycrate.tik" 1 1 0 1 90 .5 1 0 1
m6l1c	( -1100 1960 -8 ) "static/bunkertable.tik" 1 1 1 0 90 .5 0 1 1
m6l1c	( -1000 1960 -7 ) "static/banquet_table.tik" 1 0 1 1 90 .5 0 0 1
m6l1c	( -900 1960 -3 ) "static/bodies_tarp.tik" 1 1 1 1 90 .5 0 0 1
m6l1c	( 4149 3074 32 ) "static/indycrate.tik" 1 0 1 0 90 .5 0 0 1
m6l1c	( 4149 2974 35 ) "statweapons/mg42_gun.tik" 1 1 0 0 90 .5 0 0 1
m6l1c	( 4149 2874 32 ) "statweapons/flak88turret.tik" 1 1 .5 0 90 .25 0 0 1
m6l1c	( 4149 2774 15 ) "static/sandbag_link_main.tik" 1 0 0 1 90 .5 0 0 1
m6l1c	( 4149 2674 5 ) "static/indycrate.tik" 1 1 0 1 90 .5 1 0 1
m6l1c	( 4149 2574 10 ) "static/bunkertable.tik" 1 1 1 0 90 .5 0 1 1
m6l1c	( 4149 2474 22 ) "static/banquet_table.tik" 1 0 1 1 90 .5 0 0 1
m6l1c	( 4149 2374 30 ) "static/bodies_tarp.tik" 1 1 1 1 90 .5 0 0 1
m6l1c	( 1457 3437 -631 ) "static/indycrate.tik" 1 0 1 0 90 .5 0 0 1
m6l1c	( 1457 3537 -631 ) "statweapons/mg42_gun.tik" 1 1 0 0 90 .5 0 0 1
m6l1c	( 1457 3637 -631 ) "statweapons/flak88turret.tik" 1 1 .5 0 90 .25 0 0 1
m6l1c	( 1457 3737 -631 ) "static/sandbag_link_main.tik" 1 0 0 1 90 .5 0 0 1
m6l1c	( 1657 3737 -631 ) "static/indycrate.tik" 1 1 0 1 90 .5 1 0 1
m6l1c	( 1757 3737 -631 ) "static/bunkertable.tik" 1 1 1 0 90 .5 0 1 1
m6l1c	( 1369 3842 -631 ) "static/banquet_table.tik" 1 0 1 1 90 .5 0 0 1
m6l1c	( 1569 3842 -631 ) "static/bodies_tarp.tik" 1 1 1 1 90 .5 0 0 1
# map	m6l2a	main	800 1000 500 1 1 0 0 1
m6l2a	( -5542.53 -3290.52 24.60 ) "static/indycrate.tik" 1 0 1 0 90 .5 0 0 1
m6l2a	( -5442.53 -3290.52 20.60 ) "statweapons/mg42_gun.tik" 1 1 0 0 90 .5 0 0 1
m6l2a	( -5342.53 -3290.52 7.60 ) "statweapons/flak88turret.tik" 1 1 .5 0 90 .25 0 0 1
m6l2a	( -5242.53 -3190.52 1.60 ) "static/sandbag_link_main.tik" 1 0 0 1 90 .5 0 0 1
m6l2a	( -5142.53 -3190.52 4.60 ) "static/indycrate.tik" 1 1 0 1 90 .5 1 0 1
m6l2a	( -5042.53 -3190.52 4.60 ) "static/bunkertable.tik" 1 1 1 0 90 .5 0 1 1
m6l2a	( -4942.53 -3090.52 10.60 ) "static/banquet_table.tik" 1 0 1 1 90 .5 0 0 1
m6l2a	( -4842.53 -3090.52 5.60 ) "static/bodies_tarp.tik" 1 1 1 1 90 .5 0 0 1
m6l2a	( -2283.01 823.80 8.13 ) "static/indycrate.tik" 1 0 1 0 90 .5 0 0 1
m6l2a	( -2283.01 723.80 8.13 ) "statweapons/mg42_gun.tik" 1 1 0 0 90 .5 0 0 1
m6l2a	( -2283.01 623.80 8.13 ) "statweapons/flak88turret.tik" 1 1 .5 0 90 .25 0 0 1
m6l2a	( -2283.01 523.80 8.13 ) "static/sandbag_link_main.tik" 1 0 0 1 90 .5 0 0 1
m6l2a	( -2283.01 423.80 8.13 ) "static/indycrate.tik" 1 1 0 1 90 .5 1 0 1
m6l2a	( -2283.01 323.80 8.13 ) "static/bunkertable.tik" 1 1 1 0 90 .5 0 1 1
m6l2a	( -2283.01 223.80 8.13 ) "static/banquet_table.tik" 1 0 1 1 90 .5 0 0 1
m6l2a	( -2283.01 123.80 8.13 ) "static/bodies_tarp.tik" 1 1 1 1 90 .5 0 0 1
m6l2a	( 178.01 -1612.80 120.13 ) "static/indycrate.tik" 1 0 1 0 90 .5 0 0 1
m6l2a	( 178.01 -1712.80 120.13 ) "statweapons/mg42_gun.tik" 1 1 0 0 90 .5 0 0 1
m6l2a	( 178.01 -1812.80 120.13 ) "statweapons/flak88turret.tik" 1 1 .5 0 90 .25 0 0 1
m6l2a	( 178.01 -1912.80 120.13 ) "static/sandbag_link_main.tik" 1 0 0 1 90 .5 0 0 1
m6l2a	( 178.01 -2012.80 120.13 ) "static/indycrate.tik" 1 1 0 1 90 .5 1 0 1
m6l2a	( 178.01 -2112.80 120.13 ) "static/bunkertable.tik" 1 1 1 0 90 .5 0 1 1
m6l2a	( 178.01 -2212.80 120.13 ) "static/banquet_table.tik" 1 0 1 1 90 .5 0 0 1
m6l2a	( 314.01 -2406.80 120.13 ) "static/bodies_tarp.tik" 1 1 1 1 90 .5 0 0 1
# map	m6l2b	main	800 1000 500 1 1 0 0 1
m6l2b	( -50.49 -6217.56 112.13 ) "static/indycrate.tik" 1 0 1 0 90 .5 0 0 1
m6l2b	( -50.49 -6117.56 112.13 ) "statweapons/mg42_gun.tik" 1 1 0 0 90 .5 0 0 1
m6l2b	( -50.49 -6017.56 112.13 ) "statweapons/flak88turret.tik" 1 1 .5 0 90 .25 0 0 1
m6l2b	( -50.49 -5917.56 112.13 ) "static/sandbag_link_main.tik" 1 0 0 1 90 .5 0 0 1
m6l2b	( -50.49 -5817.56 112.13 ) "static/indycrate.tik" 1 1 0 1 90 .5 1 0 1
m6l2b	( -50.49 -5717.56 112.13 ) "static/bunkertable.tik" 1 1 1 0 90 .5 0 1 1
m6l2b	( -50.49 -5617.56 112.13 ) "static/banquet_table.tik" 1 0 1 1 90 .5 0 0 1
m6l2b	( -50.49 -5517.56 112.13 ) "static/bodies_tarp.tik" 1 1 1 1 90 .5 0 0 1
m6l2b	( 7490.35 -2300.83 -127.88 ) "static/indycrate.tik" 1 0 1 0 90 .5 0 0 1
m6l2b	( 7490.35 -2200.83 -127.88 ) "statweapons/mg42_gun.tik" 1 1 0 0 90 .5 0 0 1
m6l2b	( 7490.35 -2100.83 -127.88 ) "statweapons/flak88turret.tik" 1 1 .5 0 90 .25 0 0 1
m6l2b	( 7490.35 -2000.83 -127.88 ) "static/sandbag_link_main.tik" 1 0 0 1 90 .5 0 0 1
m6l2b	( 7490.35 -1900.83 -127.88 ) "static/indycrate.tik" 1 1 0 1 90 .5 1 0 1
m6l2b	( 7490.35 -1800.83 -127.88 ) "static/bunkertable.tik" 1 1 1 0 90 .5 0 1 1
m6l2b	( 7490.35 -1700.83 -127.88 ) "static/banquet_table.tik" 1 0 1 1 90 .5 0 0 1
m6l2b	( 7490.35 -1600.83 -127.88 ) "static/bodies_tarp.tik" 1 1 1 1 90 .5 0 0 1
m6l2b	( 5590.87 6391.13 -31.88 ) "animate/alarmswitch.tik" 1 0 1 0 90 .5 0 0 1
m6l2b	( 5490.87 6391.13 -31.88 ) "statweapons/mg42_gun.tik" 1 1 0 0 90 .5 0 0 1
m6l2b	( 5390.87 6391.13 -31.88 ) "statweapons/flak88turret.tik" 1 1 .5 0 90 .25 0 0 1
m6l2b	( 5290.87 6391.13 -31.88 ) "static/sandbag_link_main.tik" 1 0 0 1 90 .5 0 0 1
m6l2b	( 5190.87 6391.13 -31.88 ) "static/indycrate.tik" 1 1 0 1 90 .5 1 0 1
m6l2b	( 5090.87 6391.13 -31.88 ) "static/bunkertable.tik" 1 1 1 0 90 .5 0 1 1
m6l2b	( 4990.87 6391.13 -31.88 ) "static/banquet_table.tik" 1 0 1 1 90 .5 0 0 1
m6l2b	( 4890.87 6391.13 -31.88 ) "static/bodies_tarp.tik" 1 1 1 1 90 .5 0 0 1
# map	mohdm1	main	800 1000 500 1 1 0 0 0
mohdm1	( -225.73 330.34 48.13 ) "static/indycrate.tik" 1 0 1 0 90 .5 0 0 1
mohdm1	( -225.73 230.34 48.13 ) "static/sandbag_link_main.tik" 1 0 0 1 90 .5 0 0 1
mohdm1	( 669.12 319.92 48.13 ) "statweapons/mg42_gun.tik" 1 1 0 0 90 .5 0 0 1
mohdm1	( -164.87 97.93 48.13 ) "static/indycrate.tik" 1 1 0 1 90 .5 1 0 1
mohdm1	( 649.12 119.92 48.13 ) "static/bunkertable.tik" 1 1 1 0 90 1 0 1 1
mohdm1	( 649.12 219.92 48.13 ) "statweapons/flak88turret.tik" 1 1 .35 0 90 .25 0 0 1
mohdm1	( 743.83 2650.43 384.13 ) "static/indycrate.tik" 1 0 1 0 90 .5 0 0 1
mohdm1	( 743.83 2550.43 384.13 ) "static/sandbag_link_main.tik" 1 0 0 1 90 .5 0 0 1
mohdm1	( 443.83 2650.43 384.13 ) "statweapons/mg42_gun.tik" 1 1 0 0 90 .5 0 0 1
mohdm1	( 743.83 2450.43 384.13 ) "static/indycrate.tik" 1 1 0 1 90 .5 1 0 1
mohdm1	( 643.83 2650.43 384.13 ) "static/bunkertable.tik" 1 1 1 0 90 1 0 1 1
mohdm1	( 543.83 2650.43 384.13 ) "statweapons/flak88turret.tik" 1 1 .35 0 90 .25 0 0 1
# map	mohdm2	main	800 1000 500 1 1 0 0 0
mohdm2	( -3457 -2241 -48 ) "statweapons/mg42_gun.tik" 1 1 0 0 90 .75 0 0 1
mohdm2	( -3457 -2091 -82 ) "statweapons/flak88turret.tik" 1 1 .35 0 90 .25 0 0 1
mohdm2	( -3457 -1941 -77 ) "static/bunkertable.tik" 1 1 1 0 90 1 0 1 1
mohdm2	( -3457 -1791 -48 ) "static/indycrate.tik" 1 0 1 0 90 .5 0 0 1
mohdm2	( -3432 -1641 -31 ) "static/sandbag_link_main.tik" 1 0 0 1 90 .5 0 0 1
mohdm2	( -3432 -1491 -26 ) "static/indycrate.tik" 1 1 0 1 90 .5 1 0 1
mohdm2	( 268 350 13 ) "statweapons/mg42_gun.tik" 1 1 0 0 90 .75 0 0 1
mohdm2	( 268 500 21 ) "statweapons/flak88turret.tik" 1 1 .35 0 90 .25 0 0 1
mohdm2	( 268 650 21 ) "static/bunkertable.tik" 1 1 1 0 90 1 0 1 1
mohdm2	( 268 800 28 ) "static/indycrate.tik" 1 0 1 0 90 .5 0 0 1
mohdm2	( 223 965 39 ) "static/sandbag_link_main.tik" 1 0 0 1 90 .5 0 0 1
mohdm2	( 113 1064 19 ) "static/indycrate.tik" 1 1 0 1 90 .5 1 0 1
# map	mohdm3	main	800 1000 500 1 1 0 0 0
mohdm3	( 1513 -795 -63 ) "statweapons/mg42_gun.tik" 1 1 0 0 90 .75 0 0 1
mohdm3	( 1513 -670 -63 ) "statweapons/flak88turret.tik" 1 1 .35 0 90 .25 0 0 1
mohdm3	( 1513 -549 -63 ) "static/bunkertable.tik" 1 1 1 0 90 1 0 1 1
mohdm3	( 1519 47 -63 ) "static/indycrate.tik" 1 0 1 0 90 .5 0 0 1
mohdm3	( 1446 142 -63 ) "static/sandbag_link_main.tik" 1 0 0 1 90 .5 0 0 1
mohdm3	( 1367 256 -63 ) "static/indycrate.tik" 1 1 0 1 90 .5 1 0 1
mohdm3	( 5729 -2037 8 ) "statweapons/mg42_gun.tik" 1 1 0 0 90 .75 0 0 1
mohdm3	( 5651 -1946 8 ) "statweapons/flak88turret.tik" 1 1 .35 0 90 .25 0 0 1
mohdm3	( 5547 -1855 8 ) "static/bunkertable.tik" 1 1 1 0 90 1 0 1 1
mohdm3	( 5172 -1723 8 ) "static/indycrate.tik" 1 0 1 0 90 .5 0 0 1
mohdm3	( 5037 -1646 8 ) "static/sandbag_link_main.tik" 1 0 0 1 90 .5 0 0 1
mohdm3	( 4915 -1570 8 ) "static/indycrate.tik" 1 1 0 1 90 .5 1 0 1
# map	mohdm4	main	800 1000 500 1 1 0 0 0
mohdm4	( 299 -1957 240 ) "statweapons/mg42_gun.tik" 1 1 0 0 90 .75 0 0 1
mohdm4	( 299 -1857 240 ) "statweapons/flak88turret.tik" 1 1 .35 0 90 .25 0 0 1
mohdm4	( 299 -1757 240 ) "static/bunkertable.tik" 1 1 1 0 90 1 0 1 1
mohdm4	( 299 -1657 240 ) "static/indycrate.tik" 1 0 1 0 90 .5 0 0 1
mohdm4	( 299 -1557 240 ) "static/sandbag_link_main.tik" 1 0 0 1 90 .5 0 0 1
mohdm4	( 299 -1457 240 ) "static/indycrate.tik" 1 1 0 1 90 .5 1 0 1
mohdm4	( -219 4078 248 ) "statweapons/mg42_gun.tik" 1 1 0 0 90 .75 0 0 1
mohdm4	( -219 3978 248 ) "statweapons/flak88turret.tik" 1 1 .35 0 90 .25 0 0 1
mohdm4	( -219 3878 248 ) "static/bunkertable.tik" 1 1 1 0 90 1 0 1 1
mohdm4	( -219 3778 248 ) "static/indycrate.tik" 1 0 1 0 90 .5 0 0 1
mohdm4	( -219 3678 248 ) "static/sandbag_link_main.tik" 1 0 0 1 90 .5 0 0 1
mohdm4	( -219 3578 248 ) "static/indycrate.tik" 1 1 0 1 90 .5 1 0 1
# map	mohdm5	main	800 1000 500 1 1 0 0 0
mohdm5	( 5048 -5433 156 ) "statweapons/mg42_gun.tik" 1 1 0 0 90 .75 0 0 1
mohdm5	( 5048 -5533 156 ) "statweapons/flak88turret.tik" 1 1 .35 0 90 .25 0 0 1
mohdm5	( 5048 -5633 156 ) "static/bunkertable.tik" 1 1 1 0 90 1 0 1 1
mohdm5	( 5048 -5733 158 ) "static/indycrate.tik" 1 0 1 0 90 .5 0 0 1
mohdm5	( 5048 -5833 161 ) "static/sandbag_link_main.tik" 1 0 0 1 90 .5 0 0 1
mohdm5	( 5048 -5933 164 ) "static/indycrate.tik" 1 1 0 1 90 .5 1 0 1
mohdm5	( -1312 -5219 155 ) "statweapons/mg42_gun.tik" 1 1 0 0 90 .75 0 0 1
mohdm5	( -1312 -5319 157 ) "statweapons/flak88turret.tik" 1 1 .35 0 90 .25 0 0 1
mohdm5	( -1312 -5419 160 ) "static/bunkertable.tik" 1 1 1 0 90 1 0 1 1
mohdm5	( -1312 -5519 172 ) "static/indycrate.tik" 1 0 1 0 90 .5 0 0 1
mohdm5	( -1312 -5619 180 ) "static/sandbag_link_main.tik" 1 0 0 1 90 .5 0 0 1
mohdm5	( -1312 -5719 186 ) "static/indycrate.tik" 1 1 0 1 90 .5 1 0 1
# map	mohdm6	main	800 1000 500 1 1 0 0 0
mohdm6	( -1146 123 496 ) "statweapons/mg42_gun.tik" 1 1 0 0 90 .75 0 0 1
mohdm6	( -1146 223 496 ) "statweapons/flak88turret.tik" 1 1 .35 0 90 .25 0 0 1
mohdm6	( -1146 323 496 ) "static/bunkertable.tik" 1 1 1 0 90 1 0 1 1
mohdm6	( -1146 423 496 ) "static/indycrate.tik" 1 0 1 0 90 .5 0 0 1
mohdm6	( -1146 523 496 ) "static/sandbag_link_main.tik" 1 0 0 1 90 .5 0 0 1
mohdm6	( -1146 623 496 ) "static/indycrate.tik" 1 1 0 1 90 .5 1 0 1
mohdm6	( 1238 601 304 ) "statweapons/mg42_gun.tik" 1 1 0 0 90 .75 0 0 1
mohdm6	( 1238 501 304 ) "statweapons/flak88turret.tik" 1 1 .35 0 90 .25 0 0 1
mohdm6	( 1238 401 304 ) "static/bunkertable.tik" 1 1 1 0 90 1 0 1 1
mohdm6	( 1238 301 304 ) "static/indycrate.tik" 1 0 1 0 90 .5 0 0 1
mohdm6	( 1238 201 304 ) "static/sandbag_link_main.tik" 1 0 0 1 90 .5 0 0 1
mohdm6	( 1238 101 304 ) "static/indycrate.tik" 1 1 0 1 90 .5 1 0 1
# map	mohdm7	main	800 1000 500 1 1 0 0 0
mohdm7	( 972 211 -152 ) "statweapons/mg42_gun.tik" 1 1 0 0 90 .75 0 0 1
mohdm7	( 972 111 -152 ) "statweapons/flak88turret.tik" 1 1 .35 0 90 .25 0 0 1
mohdm7	( 962 11 -152 ) "static/bunkertable.tik" 1 1 1 0 90 1 0 1 1
mohdm7	( 952 -111 -152 ) "static/indycrate.tik" 1 0 1 0 90 .5 0 0 1
mohdm7	( 962 -211 -152 ) "static/sandbag_link_main.tik" 1 0 0 1 90 .5 0 0 1
mohdm7	( 972 -311 -152 ) "static/indycrate.tik" 1 1 0 1 90 .5 1 0 1
mohdm7	( -2471 1960 0 ) "statweapons/mg42_gun.tik" 1 1 0 0 90 .75 0 0 1
mohdm7	( -2471 1864 0 ) "statweapons/flak88turret.tik" 1 1 .35 0 90 .25 0 0 1
mohdm7	( -2471 1764 0 ) "static/bunkertable.tik" 1 1 1 0 90 1 0 1 1
mohdm7	( -2471 1664 0 ) "static/indycrate.tik" 1 0 1 0 90 .5 0 0 1
mohdm7	( -2471 1564 0 ) "static/sandbag_link_main.tik" 1 0 0 1 90 .5 0 0 1
mohdm7	( -2471 1464 0 ) "static/indycrate.tik" 1 1 0 1 90 .5 1 0 1
# map	train_to_hell	main	800 1000 500 1 1 0 0 0
# map	training	main	800 1000 500 1 1 0 0 0
training	( -5565.13 235.04 -315.18 ) "static/indycrate.tik" 1 1 0 0 90 .5 0 0 1
training	( -5443.51 231.19 -316.27 ) "statweapons/mg42_gun.tik" 1 0 1 0 90 .5 0 0 1
training	( -5694.69 240.89 -313.46 ) "statweapons/flak88turret.tik" 1 1 .5 0 90 .25 0 0 1
training	( -5324.40 235.89 -314.94 ) "static/sandbag_link_main.tik" 1 0 0 1 90 .5 0 0 1
training	( -5200.78 237.57 -314.47 ) "static/static_cablespool_full.tik" 1 .5 0 .5 90 .5 0 0 1
training	( -4999.63 245.59 -312.22 ) "static/barbwire.tik" 1 .5 0 .5 90 .5 0 0 1
training	( -4859.10 257.78 -309.88 ) "static/static_naziflag1.tik" 1 0 0 1 90 .5 0 0 1
training	( -4769.34 -343.37 -309.88 ) "static/static_nazibanner.tik" 1 .5 0 .5 90 .5 0 0 0
training	( -4898.50 -336.95 -309.88 ) "static/bush_full.tik" 1 .5 0 .5 90 .5 0 0 0
training	( -5174.00 -323.54 -309.88 ) "static/bodies_tarp.tik" 1 .5 0 .5 90 .5 1 0 1
training	( -5036.15 -319.33 -309.87 ) "static/banquet_table.tik" 1 1 1 0 90 .5 0 0 1
training	( -103.40 -2553.06 -387.88 ) "static/indycrate.tik" 1 1 0 0 90 .5 0 0 1
training	( -0.16 -2550.78 -387.88 ) "statweapons/mg42_gun.tik" 1 0 1 0 90 .5 0 0 1
training	( 313.33 -3082.86 -382.76 ) "statweapons/flak88turret.tik" 1 1 .5 0 90 .25 0 0 1
training	( 125.57 -2544.04 -387.88 ) "static/sandbag_link_main.tik" 1 0 0 1 90 .5 0 0 1
training	( 220.05 -2548.50 -387.88 ) "static/banquet_table.tik" 1 1 1 0 90 .5 0 0 1
training	( 317.74 -2548.53 -387.88 ) "static/barbwire.tik" 1 0 1 0 90 .5 0 0 1
training	( 448.02 -2548.05 -387.88 ) "static/bookcase.tik" 1 .5 0 .5 90 .5 0 0 1
training	( 441.63 -3077.69 -385.37 ) "static/bush_full.tik" 1 .5 0 .5 90 .5 0 0 0
training	( 186.90 -3085.76 -381.03 ) "static/bodies_tarp.tik" 1 0 1 0 90 .5 1 0 1
training	( 3149.42 -1882.34 -331.88 ) "static/indycrate.tik" 1 1 0 0 90 .5 0 0 1
training	( 3065.61 -1897.32 -403.88 ) "static/sandbag_longsegment.tik" 1 0 0 1 90 .2 0 0 1
training	( 3001.14 -1897.74 -403.88 ) "statweapons/flak88turret.tik" 1 1 .5 0 90 .25 0 0 1
training	( 2893.05 -1899.73 -403.88 ) "static/banquet_table.tik" 1 .5 0 .5 90 .5 0 0 1
training	( 2828.43 -1901.85 -403.88 ) "static/bush_full.tik" 1 .5 0 .5 90 .5 0 0 0
training	( 2680.65 -1910.80 -403.88 ) "static/bodies_tarp.tik" 1 0 1 0 90 .5 1 0 1
training	( 4449.83 -1703.82 -387.63 ) "static/cabinet_large.tik" 1 0 1 0 90 .5 0 0 1
training	( 5315.39 -1961.07 -403.88 ) "static/indycrate.tik" 1 1 0 0 90 .5 0 0 1
training	( 5742.79 -1710.93 -403.88 ) "statweapons/mg42_gun.tik" 1 1 0 0 90 .5 0 0 1
training	( 5636.34 -2012.42 -403.88 ) "static/bookcase.tik" 1 .5 0 .5 90 .5 0 1 1
training	( 5566.49 -1923.51 -403.88 ) "static/static_naziflag1.tik" 1 0 0 1 90 .2 0 0 1
training	( 5712.05 -1936.09 -403.88 ) "static/sandbag_link_main.tik" 1 0 1 0 90 .5 0 0 1
# map	void	main	800 1000 500 1 1 0 0 1
void	( -80 -82 608 ) "static/heat_crate.tik" 1 1 0 0 90 .3 0 0 1
void	( -80 82 615 ) "statweapons/mg42_gun.tik" 1 0 1 0 90 .3 0 0 1
void	( 80 82 615 ) "static/bodies_tarp.tik" 1 0 0 1 90 .7 0 1 1
void	( 80 -82 608 ) "static/static_naziflag1.tik" 1 1 1 0 90 .3 1 0 1
